Income,Kidhome,Teenhome,Recency,Complain,Age,Customer_Days,PredictedAcceptance,NextCampaignTarget
58138.0,0,0,58,0,63,2822,1,no
46344.0,1,1,38,0,66,2272,0,no
71613.0,0,0,26,0,55,2471,0,no
26646.0,1,0,26,0,36,2298,0,no
58293.0,1,0,94,0,39,2320,0,no
62513.0,0,1,16,0,53,2452,0,no
55635.0,0,1,34,0,49,2752,0,no
33454.0,1,0,32,0,35,2576,0,no
30351.0,1,0,19,0,46,2547,1,no
5648.0,1,1,68,0,70,2267,1,no
7500.0,0,0,59,0,44,2752,0,no
63033.0,0,0,82,0,61,2385,0,no
59354.0,1,1,53,0,68,2385,0,no
17323.0,0,0,38,0,33,2786,0,no
82800.0,0,0,23,0,74,2741,0,no
41850.0,1,1,51,0,40,2711,0,no
37760.0,0,0,20,0,74,2826,0,no
76995.0,0,1,91,0,71,2617,0,no
33812.0,1,0,86,0,35,2762,0,no
37040.0,0,0,41,0,38,2849,0,no
2447.0,1,0,42,0,41,2698,0,no
58607.0,0,1,63,0,71,2712,1,no
65324.0,0,1,0,0,66,2328,0,no
40689.0,0,1,69,0,69,2627,0,no
18589.0,0,0,89,0,51,2702,0,no
53359.0,1,1,4,0,44,2557,0,no
38360.0,1,0,26,0,31,2553,0,no
84618.0,0,0,96,0,55,2378,1,no
10979.0,0,0,34,0,31,2197,0,no
38620.0,0,0,56,0,57,2573,0,no
40548.0,0,1,31,0,50,2786,0,no
46610.0,0,2,8,0,68,2767,0,no
68657.0,0,0,4,0,74,2653,0,no
49389.0,1,1,55,0,69,2463,0,no
67353.0,0,1,37,0,50,2339,0,no
23718.0,1,0,76,0,44,2459,0,no
42429.0,0,1,99,0,47,2297,0,no
48948.0,0,0,53,0,77,2672,2,no
80011.0,0,1,3,0,40,2585,0,no
20559.0,1,0,88,0,35,2633,0,no
21994.0,0,1,4,0,63,2711,0,no
7500.0,1,0,19,0,45,2429,0,no
79941.0,0,0,72,0,44,2160,0,no
7500.0,0,0,24,0,24,2756,0,no
41728.0,1,0,92,0,52,2560,0,no
72550.0,1,1,39,0,66,2757,0,no
65486.0,0,1,29,0,63,2207,0,no
79143.0,0,0,2,0,56,2846,0,no
35790.0,1,0,54,0,43,2702,0,no
82582.0,0,0,54,0,43,2181,3,yes
66373.0,1,1,57,0,42,2541,0,no
82384.0,0,0,55,0,65,2746,2,no
70287.0,0,0,30,0,54,2612,1,no
27938.0,1,0,31,0,32,2221,0,no
55954.0,0,1,63,0,52,2277,0,no
75777.0,0,0,12,0,38,2519,3,yes
66653.0,1,1,18,0,45,2819,0,no
61823.0,0,1,26,0,68,2655,0,no
67680.0,0,1,8,0,69,2542,0,no
70666.0,0,0,29,0,72,2364,0,no
25721.0,1,0,75,0,49,2563,0,no
32474.0,1,1,0,0,53,2208,0,no
88194.0,0,1,19,0,41,2261,0,no
69096.0,0,1,4,0,62,2434,0,no
74854.0,1,2,90,0,50,2606,0,no
66991.0,0,0,1,0,66,2815,0,no
65031.0,0,1,29,0,61,2628,0,no
60631.0,1,1,88,0,45,2609,0,no
28332.0,0,0,58,0,68,2219,0,no
40246.0,1,0,68,0,43,2716,0,no
75251.0,0,0,34,0,48,2830,1,no
75825.0,0,0,40,0,44,2784,2,no
26326.0,0,0,12,1,44,2457,0,no
56046.0,0,0,9,0,55,2702,0,no
29760.0,1,0,87,0,35,2828,0,no
26304.0,1,0,5,0,51,2530,0,no
23559.0,1,0,87,0,47,2520,0,no
38620.0,0,0,56,0,57,2573,0,no
81361.0,0,0,18,0,33,2283,0,no
29440.0,1,1,95,0,60,2481,0,no
36138.0,1,1,48,0,50,2507,1,no
50388.0,0,1,3,0,63,2191,3,yes
79593.0,0,0,70,0,47,2207,1,no
54178.0,0,1,79,0,53,2318,0,no
42394.0,1,0,69,0,48,2257,0,no
23626.0,1,0,84,0,50,2195,0,no
30096.0,1,0,30,0,37,2197,0,no
47916.0,0,1,72,0,60,2743,1,no
51813.0,1,1,37,0,48,2603,0,no
78497.0,0,0,44,0,69,2369,0,no
50150.0,0,0,32,0,37,2533,0,no
47823.0,0,1,0,0,60,2500,0,no
34554.0,0,1,43,0,61,2250,0,no
85693.0,0,1,59,0,41,2594,0,no
65846.0,0,0,68,0,75,2567,0,no
87195.0,0,0,35,0,61,2211,1,no
24594.0,1,0,94,0,41,2360,0,no
49096.0,1,1,15,0,56,2437,0,no
52413.0,0,2,56,0,51,2671,0,no
38557.0,1,0,17,0,42,2716,0,no
89058.0,0,0,18,0,60,2728,0,no
77298.0,0,1,46,0,41,2398,0,no
68126.0,0,0,40,0,29,2755,2,no
57288.0,0,1,27,0,57,2163,1,no
86037.0,0,0,95,0,29,2702,3,yes
43974.0,1,0,19,0,40,2723,0,no
50785.0,1,1,27,0,58,2451,0,no
90765.0,0,0,25,0,50,2315,2,no
36550.0,1,0,74,0,42,2654,0,no
30753.0,1,1,85,0,53,2512,0,no
21918.0,1,0,37,0,51,2386,0,no
56129.0,0,1,65,0,67,2533,0,no
32557.0,1,0,13,0,53,2284,1,no
19510.0,2,0,63,0,35,2457,0,no
30992.0,1,0,83,0,44,2592,0,no
101970.0,0,0,69,0,37,2633,4,yes
71488.0,0,0,87,0,55,2655,0,no
79607.0,0,0,37,0,36,2593,0,no
54348.0,1,1,51,0,67,2180,0,no
77376.0,1,1,72,0,64,2209,0,no
62998.0,0,1,10,0,68,2431,0,no
61331.0,1,1,42,0,62,2635,0,no
73448.0,0,0,10,0,51,2298,0,no
41551.0,1,1,51,0,56,2478,0,no
62981.0,0,0,21,0,53,2628,1,no
9548.0,1,0,31,0,44,2849,0,no
33762.0,2,1,61,0,61,2516,0,no
35860.0,1,1,37,0,47,2200,1,no
36921.0,1,1,74,0,55,2495,0,no
92859.0,0,0,46,0,28,2777,0,no
65104.0,0,1,4,0,44,2386,0,no
86111.0,0,0,73,0,58,2595,0,no
68352.0,0,1,47,0,46,2464,0,no
41883.0,1,0,13,0,32,2626,0,no
59809.0,0,2,36,0,44,2778,0,no
23957.0,1,0,47,0,45,2768,0,no
38547.0,1,0,49,1,39,2464,0,no
35688.0,2,1,94,0,47,2835,0,no
49605.0,0,0,65,0,54,2167,0,no
59354.0,0,2,59,0,67,2225,0,no
65747.0,0,1,96,0,51,2273,1,no
46344.0,0,1,28,0,48,2721,0,no
34176.0,1,0,12,0,32,2207,0,no
61010.0,0,1,57,0,68,2787,0,no
69372.0,0,0,10,0,71,2654,0,no
49967.0,0,1,4,0,62,2515,0,no
60199.0,1,2,49,0,42,2449,0,no
55375.0,0,1,3,0,43,2414,0,no
80317.0,0,0,64,0,65,2472,0,no
30523.0,2,1,0,0,62,2522,0,no
70356.0,0,0,20,0,75,2760,0,no
23228.0,1,0,91,0,36,2334,0,no
74165.0,0,0,9,0,45,2583,0,no
43482.0,2,1,83,0,54,2387,0,no
62551.0,0,0,27,0,67,2382,0,no
52332.0,0,0,63,0,61,2464,0,no
66951.0,0,0,46,0,32,2398,0,no
26091.0,1,1,84,0,63,2283,0,no
33456.0,1,1,58,0,55,2228,0,no
28718.0,1,0,78,0,38,2510,0,no
50447.0,2,0,4,0,50,2228,0,no
53537.0,1,1,17,0,61,2309,0,no
52074.0,0,1,77,0,53,2245,1,no
80427.0,0,1,56,0,45,2814,0,no
83837.0,0,0,79,0,72,2719,3,yes
38853.0,1,1,90,0,50,2196,0,no
38285.0,2,1,96,0,61,2164,0,no
78497.0,0,0,44,0,69,2369,0,no
51650.0,0,1,81,0,44,2208,0,no
16248.0,1,0,77,0,32,2209,0,no
66835.0,0,0,21,0,74,2433,0,no
30477.0,1,0,16,0,36,2317,0,no
28249.0,0,0,80,0,59,2173,0,no
25271.0,1,0,45,0,37,2730,0,no
32303.0,0,1,63,0,50,2272,0,no
61286.0,0,1,34,0,54,2490,0,no
74068.0,0,0,14,0,44,2626,0,no
45759.0,1,1,13,0,56,2650,0,no
24882.0,1,0,52,0,42,2817,1,no
66973.0,0,0,98,0,31,2567,0,no
38872.0,1,0,93,0,32,2554,0,no
51148.0,1,1,38,0,47,2655,0,no
31353.0,1,1,24,0,43,2341,0,no
69661.0,0,0,80,0,40,2206,0,no
80067.0,0,0,82,0,66,2442,1,no
86718.0,0,0,20,0,66,2687,0,no
46854.0,1,1,81,0,47,2249,2,no
69142.0,0,1,50,0,68,2159,0,no
75922.0,0,0,60,0,52,2361,0,no
63693.0,0,1,63,0,42,2417,0,no
102160.0,0,0,54,0,43,2763,4,yes
40637.0,1,1,72,0,55,2506,0,no
18890.0,0,0,5,0,36,2755,2,no
29604.0,1,0,88,0,32,2362,0,no
48721.0,1,1,50,0,57,2571,0,no
44794.0,0,1,99,0,54,2180,0,no
64497.0,0,1,17,0,66,2816,2,no
46097.0,0,1,11,0,64,2614,0,no
77972.0,0,0,18,0,66,2262,0,no
44377.0,1,1,70,0,52,2791,0,no
46014.0,1,1,21,0,46,2683,0,no
70951.0,0,0,66,0,35,2580,0,no
41443.0,1,0,79,0,43,2248,0,no
52195.0,2,1,2,0,42,2207,0,no
83790.0,0,0,81,0,72,2385,2,no
44551.0,0,1,24,0,66,2461,0,no
69508.0,1,0,48,0,40,2751,0,no
45204.0,1,0,93,0,32,2238,0,no
72460.0,0,0,56,0,51,2386,0,no
77622.0,0,2,3,0,50,2235,0,no
30732.0,1,0,44,0,40,2699,0,no
63887.0,0,1,38,0,58,2818,0,no
42011.0,1,0,46,0,42,2619,0,no
51369.0,0,1,84,0,44,2771,0,no
51537.0,0,1,27,0,68,2726,0,no
79930.0,0,0,72,0,48,2849,0,no
34320.0,1,0,66,0,34,2292,0,no
37070.0,1,1,30,0,54,2625,1,no
81975.0,0,1,2,0,58,2699,1,no
38590.0,1,0,65,0,49,2569,0,no
15033.0,0,0,37,0,69,2233,0,no
62745.0,0,1,89,0,55,2622,0,no
22212.0,1,0,49,0,45,2361,0,no
23661.0,1,0,46,0,38,2366,0,no
79761.0,0,1,32,0,62,2427,0,no
7500.0,1,0,54,0,47,2344,0,no
73455.0,0,0,98,0,52,2403,1,no
64961.0,0,1,97,0,62,2712,0,no
22804.0,1,0,75,0,49,2492,0,no
73687.0,0,0,8,0,30,2372,2,no
61074.0,0,1,37,0,62,2840,0,no
31686.0,1,1,31,0,56,2183,0,no
80134.0,1,0,40,0,48,2564,4,yes
75027.0,0,1,74,0,67,2695,0,no
67546.0,0,0,90,0,32,2826,0,no
65176.0,0,1,57,0,51,2767,0,no
31160.0,1,0,59,0,45,2445,0,no
29938.0,1,0,52,0,35,2404,0,no
102692.0,0,0,5,0,46,2609,3,yes
26490.0,0,0,92,0,62,2804,0,no
75702.0,1,1,77,0,53,2828,0,no
30899.0,1,0,35,0,46,2783,0,no
63342.0,0,1,48,0,59,2780,2,no
45989.0,0,1,97,0,56,2774,0,no
18701.0,1,1,95,0,56,2549,0,no
40737.0,2,1,24,0,63,2362,0,no
15287.0,1,0,60,0,41,2786,2,no
69674.0,0,2,46,0,52,2562,0,no
44159.0,1,0,85,0,50,2171,0,no
37717.0,1,0,31,0,42,2742,0,no
43776.0,1,1,9,0,68,2670,1,no
38179.0,1,1,30,0,54,2631,0,no
80124.0,0,0,47,0,57,2162,1,no
38097.0,1,1,70,0,50,2781,0,no
72940.0,0,0,13,0,50,2534,0,no
22070.0,1,0,11,0,50,2427,0,no
69267.0,0,0,31,0,67,2804,1,no
31788.0,1,0,15,1,37,2260,0,no
61905.0,0,1,2,0,45,2304,0,no
29315.0,1,1,55,0,60,2243,0,no
33378.0,1,1,38,0,57,2667,0,no
66313.0,0,1,86,0,57,2445,0,no
60714.0,0,0,56,0,64,2687,1,no
77882.0,0,0,29,0,39,2219,0,no
69867.0,0,0,30,0,34,2612,2,no
63841.0,0,1,64,0,52,2593,0,no
24480.0,1,0,46,0,39,2662,0,no
51369.0,0,1,84,0,44,2771,0,no
37760.0,0,0,20,0,74,2826,0,no
65640.0,0,1,74,0,46,2279,0,no
44319.0,1,1,18,0,45,2232,0,no
30631.0,1,0,75,0,46,2511,0,no
75278.0,0,0,17,0,68,2675,0,no
50898.0,1,1,88,0,64,2696,0,no
79946.0,0,0,19,0,54,2207,0,no
35416.0,0,0,62,0,71,2540,0,no
32414.0,0,0,11,0,36,2519,1,no
38361.0,1,0,74,0,51,2343,0,no
82497.0,0,0,32,0,40,2765,1,no
16626.0,2,0,76,0,49,2324,0,no
29672.0,1,1,6,0,55,2633,0,no
55951.0,0,1,62,0,68,2834,2,no
35388.0,1,0,20,0,32,2638,0,no
42386.0,1,0,43,0,34,2691,0,no
68627.0,0,0,45,0,38,2692,0,no
57912.0,0,1,34,0,55,2263,1,no
35246.0,1,1,53,0,62,2233,0,no
58821.0,0,1,44,0,64,2419,0,no
46377.0,1,0,89,0,42,2279,0,no
39747.0,1,0,43,0,32,2236,0,no
23976.0,1,0,68,0,36,2343,0,no
80950.0,0,0,44,0,59,2617,1,no
27038.0,0,0,64,0,54,2808,0,no
77457.0,0,0,85,0,73,2275,1,no
64100.0,0,1,93,0,56,2451,1,no
42670.0,0,0,12,0,28,2587,0,no
12571.0,1,0,86,0,44,2321,0,no
22574.0,2,1,28,0,53,2403,0,no
70893.0,0,0,42,0,44,2667,0,no
54198.0,1,1,13,0,54,2353,0,no
28839.0,1,1,86,0,64,2269,0,no
40321.0,1,1,59,0,48,2494,0,no
66503.0,1,0,30,0,35,2843,0,no
30833.0,1,1,33,0,69,2507,0,no
64795.0,0,1,23,0,49,2687,0,no
34421.0,1,0,81,0,46,2522,0,no
47025.0,1,1,6,0,55,2299,0,no
64325.0,0,1,41,0,59,2666,0,no
40464.0,0,1,78,0,67,2693,0,no
62187.0,0,0,49,0,63,2518,0,no
14849.0,1,0,39,0,44,2521,0,no
27255.0,1,0,3,0,36,2393,0,no
54432.0,2,1,37,0,70,2575,0,no
29999.0,1,0,22,0,34,2660,0,no
24072.0,1,0,79,0,37,2598,0,no
33996.0,0,0,46,0,31,2450,0,no
66334.0,0,1,82,0,64,2611,1,no
35178.0,1,0,10,0,49,2694,2,no
22010.0,1,0,51,0,37,2523,0,no
62204.0,0,2,38,0,60,2814,0,no
75693.0,0,0,10,0,52,2729,4,yes
30675.0,1,0,14,0,48,2753,0,no
83003.0,0,0,18,0,55,2642,2,no
68655.0,0,0,95,0,32,2847,0,no
41411.0,0,0,11,0,34,2363,0,no
55212.0,0,1,65,0,51,2742,2,no
59292.0,0,1,71,0,70,2540,0,no
27190.0,1,0,13,0,47,2477,2,no
82623.0,0,0,58,0,68,2390,0,no
44300.0,1,1,65,0,55,2530,0,no
84835.0,0,0,0,0,50,2172,0,no
30372.0,1,1,33,0,49,2710,0,no
33181.0,1,0,90,0,44,2336,1,no
71113.0,0,1,95,0,63,2353,0,no
71952.0,1,0,93,0,34,2694,2,no
69759.0,0,0,38,0,54,2403,1,no
72099.0,0,0,18,0,46,2769,0,no
60000.0,0,1,57,0,44,2713,0,no
38643.0,1,1,45,1,42,2371,0,no
50737.0,0,1,61,0,65,2573,1,no
68462.0,0,0,6,0,51,2723,1,no
65073.0,0,0,65,1,77,2472,0,no
46681.0,0,2,52,0,72,2423,0,no
78618.0,0,0,87,0,63,2798,1,no
62187.0,0,1,38,0,51,2258,0,no
28442.0,2,0,53,0,42,2284,0,no
37717.0,1,0,31,0,42,2742,0,no
51479.0,1,1,67,0,53,2707,0,no
54803.0,0,1,65,0,51,2836,0,no
79530.0,0,0,64,0,60,2567,0,no
31615.0,1,0,82,0,44,2629,0,no
72025.0,0,0,27,0,58,2748,1,no
52614.0,0,1,63,0,45,2734,0,no
35684.0,1,0,66,0,36,2227,0,no
48178.0,1,1,69,0,45,2768,0,no
29548.0,1,0,52,0,50,2463,1,no
63810.0,0,1,45,0,54,2754,1,no
38578.0,1,1,2,0,48,2531,1,no
46098.0,1,1,86,0,45,2839,0,no
22585.0,0,0,23,0,50,2627,2,no
30279.0,1,0,13,0,31,2705,0,no
66426.0,0,1,14,0,59,2429,0,no
30822.0,1,0,92,0,51,2539,0,no
33581.0,2,0,38,0,51,2696,0,no
19986.0,1,0,74,0,35,2386,0,no
27421.0,0,0,14,0,66,2723,0,no
35688.0,2,1,94,0,47,2835,0,no
36143.0,1,0,33,0,39,2250,0,no
10245.0,1,0,32,0,49,2569,0,no
43795.0,0,1,11,0,52,2415,2,no
63381.0,0,1,78,0,60,2791,0,no
38823.0,0,1,56,0,71,2827,0,no
83664.0,1,1,57,0,52,2576,0,no
90300.0,0,0,7,0,41,2336,0,no
62499.0,1,0,0,0,41,2361,0,no
74293.0,0,0,66,0,27,2215,0,no
51012.0,0,0,86,0,74,2596,0,no
70777.0,0,1,80,0,52,2283,0,no
68682.0,0,0,56,0,29,2425,0,no
43824.0,1,1,18,0,49,2811,0,no
15345.0,1,0,51,0,36,2826,1,no
23442.0,1,0,71,0,33,2711,0,no
14515.0,1,0,71,0,40,2756,0,no
31395.0,1,1,80,0,64,2622,0,no
75276.0,0,0,2,0,55,2799,1,no
42373.0,1,1,83,0,46,2477,0,no
30507.0,0,0,29,0,60,2634,0,no
55521.0,1,2,11,0,65,2409,2,no
48006.0,1,1,55,0,55,2179,0,no
27213.0,1,0,19,0,48,2827,1,no
65808.0,1,1,1,0,49,2189,0,no
30351.0,1,0,19,0,46,2547,1,no
50437.0,0,2,28,0,57,2779,0,no
23616.0,1,0,76,0,38,2748,1,no
53858.0,0,1,50,0,44,2756,0,no
66465.0,0,1,1,0,65,2615,1,no
46923.0,1,0,90,0,33,2835,0,no
75072.0,0,1,83,0,58,2681,0,no
75865.0,0,0,73,0,77,2249,0,no
19789.0,1,0,24,0,45,2380,0,no
80134.0,0,0,11,0,26,2294,4,yes
91065.0,0,0,33,0,39,2651,1,no
49505.0,1,1,4,0,49,2640,0,no
37401.0,1,0,14,0,47,2213,0,no
30096.0,1,0,30,0,37,2197,0,no
18492.0,1,0,75,0,38,2183,0,no
82584.0,0,0,26,0,46,2549,3,yes
93027.0,0,0,77,0,79,2601,1,no
48686.0,1,2,8,0,67,2366,0,no
92910.0,0,0,42,0,34,2225,3,yes
75433.0,1,0,28,0,31,2244,2,no
10404.0,1,0,52,0,31,2215,0,no
61314.0,0,1,1,0,52,2589,0,no
84865.0,0,0,1,0,59,2575,5,yes
42387.0,1,0,42,0,31,2767,0,no
67309.0,1,1,76,0,53,2681,0,no
75236.0,0,1,27,0,56,2375,0,no
30015.0,1,0,28,0,50,2306,0,no
50943.0,0,1,49,0,64,2532,0,no
67272.0,0,1,12,0,54,2349,0,no
51529.0,0,1,14,0,71,2454,0,no
32011.0,1,0,89,0,49,2470,0,no
7500.0,1,0,96,0,34,2666,0,no
28691.0,1,0,56,0,31,2519,0,no
56223.0,0,1,72,0,72,2350,0,no
18100.0,0,0,14,0,74,2486,0,no
30279.0,1,0,13,0,31,2705,0,no
20130.0,0,0,99,0,46,2263,0,no
23295.0,0,0,72,0,61,2510,0,no
42618.0,1,0,92,0,48,2422,0,no
81246.0,0,0,87,0,56,2341,0,no
24027.0,1,0,7,0,44,2544,0,no
55707.0,0,1,91,0,67,2348,0,no
57959.0,0,1,71,0,65,2582,0,no
56796.0,0,1,24,0,51,2657,0,no
36230.0,1,0,17,0,49,2414,0,no
70829.0,1,1,87,0,40,2369,0,no
65991.0,0,1,21,0,44,2819,0,no
38988.0,1,2,90,0,48,2837,0,no
89572.0,0,0,44,0,54,2811,3,yes
42207.0,1,0,71,0,36,2613,2,no
50300.0,0,1,52,0,68,2194,0,no
66664.0,0,0,78,0,38,2801,0,no
60597.0,0,1,2,0,56,2338,2,no
70165.0,0,0,60,0,71,2439,0,no
50520.0,0,1,25,0,62,2311,0,no
80124.0,0,0,47,0,57,2162,1,no
33183.0,1,0,46,0,45,2284,0,no
66582.0,0,0,83,0,51,2277,0,no
75261.0,0,0,17,0,65,2591,0,no
31880.0,1,0,13,0,50,2765,0,no
53790.0,0,2,86,0,69,2274,0,no
49269.0,1,0,92,0,49,2842,0,no
61456.0,0,1,47,0,45,2618,0,no
37406.0,1,0,18,0,40,2421,1,no
56937.0,1,0,81,0,39,2853,2,no
38415.0,1,1,91,0,42,2702,0,no
20518.0,1,0,58,0,32,2201,0,no
62503.0,0,1,40,0,64,2655,0,no
41644.0,1,1,67,0,48,2210,0,no
55842.0,0,1,19,0,43,2196,0,no
62010.0,0,1,93,0,48,2773,0,no
41124.0,1,0,41,0,43,2765,0,no
38961.0,1,0,60,0,47,2340,0,no
37760.0,1,0,54,0,48,2481,0,no
32233.0,1,0,26,0,46,2838,2,no
43057.0,0,1,30,0,45,2401,0,no
83151.0,0,0,93,0,60,2786,0,no
78825.0,0,0,35,0,56,2812,1,no
65104.0,0,1,4,0,44,2386,0,no
60093.0,0,1,92,0,46,2527,0,no
14045.0,1,0,24,0,51,2313,0,no
28457.0,0,0,96,0,68,2768,0,no
78952.0,0,1,11,0,62,2802,0,no
46310.0,1,0,99,0,44,2732,0,no
76005.0,0,0,72,0,65,2651,1,no
58308.0,0,1,77,0,56,2692,0,no
55614.0,0,0,85,0,76,2373,1,no
59432.0,0,1,88,0,58,2601,0,no
55563.0,0,1,22,0,42,2244,0,no
78642.0,0,1,83,0,49,2593,0,no
67911.0,0,1,63,0,71,2197,0,no
65275.0,0,0,9,0,76,2611,0,no
27203.0,1,1,92,0,70,2851,0,no
48330.0,0,1,2,0,59,2385,0,no
24279.0,0,0,6,0,30,2706,0,no
64355.0,1,0,66,0,35,2833,0,no
50943.0,0,1,49,0,64,2532,0,no
53653.0,0,0,29,0,67,2758,0,no
65665.0,0,1,77,0,44,2368,0,no
81217.0,0,0,77,0,31,2504,0,no
34935.0,0,0,71,0,28,2532,0,no
61250.0,0,1,49,0,61,2719,0,no
39665.0,1,0,97,0,39,2559,1,no
60152.0,0,1,6,0,41,2617,0,no
48920.0,0,2,93,0,56,2411,0,no
89120.0,0,0,78,0,61,2263,1,no
44124.0,0,1,62,0,74,2573,0,no
81169.0,0,0,47,0,45,2600,0,no
36443.0,1,1,9,0,59,2670,0,no
26095.0,1,0,77,0,30,2523,0,no
71367.0,0,0,24,0,61,2469,0,no
80184.0,0,0,19,0,76,2279,0,no
30630.0,1,1,67,0,55,2312,0,no
73454.0,0,0,95,0,33,2279,0,no
42691.0,0,0,48,0,29,2476,0,no
70503.0,0,0,73,0,67,2796,2,no
25545.0,1,0,35,0,33,2818,0,no
32880.0,1,0,76,0,34,2731,0,no
77863.0,0,0,20,0,62,2373,0,no
50353.0,0,0,72,0,43,2180,0,no
61839.0,0,0,20,0,56,2845,1,no
49154.0,1,1,69,0,60,2397,0,no
47682.0,0,1,80,0,45,2658,0,no
72679.0,0,1,65,0,51,2443,0,no
57954.0,1,1,52,0,43,2170,1,no
65316.0,1,1,65,0,58,2590,0,no
28567.0,1,0,57,0,38,2536,0,no
47352.0,0,1,70,0,69,2603,0,no
44931.0,0,1,0,0,53,2321,0,no
76982.0,0,0,19,0,53,2293,0,no
57247.0,0,1,50,0,68,2484,0,no
22944.0,1,0,67,0,39,2347,0,no
25315.0,1,0,46,0,43,2393,0,no
43638.0,0,1,37,0,51,2851,0,no
42710.0,1,0,38,0,36,2737,0,no
84169.0,0,0,9,0,38,2485,3,yes
54058.0,0,1,56,0,44,2549,0,no
24683.0,1,0,98,0,30,2272,0,no
85620.0,0,0,68,0,56,2332,1,no
47850.0,1,0,72,0,40,2367,0,no
19514.0,1,1,47,0,52,2313,1,no
27159.0,1,1,33,0,47,2251,0,no
39548.0,1,1,87,0,57,2249,0,no
21474.0,1,0,0,0,31,2241,2,no
60504.0,0,1,73,0,49,2301,0,no
22419.0,0,0,74,0,57,2596,0,no
81698.0,0,0,4,0,71,2394,1,no
43462.0,1,1,50,0,68,2814,0,no
54880.0,1,0,57,0,42,2644,0,no
79908.0,0,0,30,0,38,2609,0,no
15315.0,0,0,27,0,50,2489,0,no
87771.0,0,1,61,0,61,2562,0,no
33039.0,1,0,4,0,42,2452,0,no
81741.0,0,0,75,0,40,2537,0,no
71499.0,0,1,12,0,49,2528,0,no
62466.0,0,1,13,0,50,2324,0,no
48799.0,0,1,9,0,57,2395,0,no
52157.0,0,1,48,0,70,2181,0,no
66565.0,0,1,80,0,58,2730,0,no
29298.0,1,1,60,0,69,2454,0,no
47691.0,0,1,43,0,41,2518,0,no
38200.0,1,1,19,0,50,2728,0,no
44989.0,0,1,26,0,46,2814,0,no
38443.0,1,1,58,0,52,2312,0,no
38593.0,1,0,42,0,42,2448,0,no
64413.0,0,1,27,0,50,2491,0,no
36959.0,1,0,56,0,39,2429,0,no
61996.0,0,1,27,0,43,2673,4,yes
51287.0,1,1,10,0,52,2248,0,no
13260.0,1,1,48,0,50,2469,0,no
47472.0,1,1,39,0,54,2445,0,no
54603.0,1,1,85,0,64,2514,0,no
45207.0,1,1,64,0,46,2755,1,no
40689.0,0,1,69,0,69,2627,0,no
47821.0,1,1,54,0,53,2411,0,no
27450.0,0,0,57,0,69,2599,0,no
39453.0,1,0,64,0,37,2246,0,no
26850.0,1,1,10,0,49,2231,0,no
79800.0,0,0,65,0,65,2803,0,no
61794.0,0,1,74,0,59,2447,0,no
53863.0,0,1,4,0,65,2202,1,no
24221.0,0,0,94,0,61,2472,0,no
39684.0,1,0,41,1,36,2784,1,no
92163.0,0,0,25,0,45,2723,3,yes
69882.0,0,0,94,0,55,2390,0,no
33178.0,1,0,9,0,43,2309,0,no
59973.0,0,0,47,0,48,2450,0,no
17459.0,1,0,12,0,45,2442,1,no
23910.0,1,0,80,0,51,2770,0,no
42169.0,1,1,20,0,51,2412,0,no
26224.0,1,0,39,0,42,2549,0,no
31089.0,1,0,57,0,39,2840,0,no
30081.0,0,1,27,0,59,2652,0,no
62807.0,0,1,83,0,60,2826,0,no
72906.0,0,0,79,0,65,2444,0,no
61467.0,0,2,69,0,72,2726,0,no
49618.0,1,1,77,0,54,2678,0,no
21888.0,1,0,15,0,34,2706,0,no
42429.0,0,1,99,0,47,2297,0,no
26150.0,2,1,61,0,64,2634,0,no
30801.0,0,1,23,0,45,2770,0,no
81168.0,0,0,84,0,55,2212,1,no
26877.0,0,0,74,0,51,2473,0,no
45006.0,0,0,90,0,76,2505,0,no
18978.0,1,0,41,0,47,2724,0,no
22574.0,2,1,28,0,53,2403,0,no
48240.0,0,0,73,0,51,2756,1,no
45837.0,1,1,88,0,46,2497,0,no
35791.0,2,1,94,0,55,2578,0,no
54162.0,1,1,31,0,42,2627,0,no
30522.0,0,1,6,0,60,2840,0,no
54456.0,0,1,23,0,59,2512,0,no
31632.0,0,0,92,0,49,2509,0,no
72298.0,0,0,52,0,71,2270,2,no
36975.0,1,0,50,0,42,2342,0,no
72635.0,0,0,54,0,65,2550,1,no
13624.0,1,0,93,0,44,2684,0,no
84196.0,0,1,56,0,45,2550,0,no
70971.0,0,1,28,0,60,2805,1,no
34487.0,1,1,94,0,43,2820,0,no
28769.0,1,0,76,0,43,2717,0,no
69084.0,1,0,43,0,50,2381,0,no
65488.0,0,0,46,0,62,2175,0,no
62466.0,0,1,13,0,50,2324,0,no
32218.0,0,0,27,0,60,2293,2,no
83917.0,0,0,12,0,47,2596,1,no
46102.0,2,1,3,0,58,2270,0,no
84574.0,0,0,72,0,68,2549,0,no
56181.0,0,1,6,0,58,2696,0,no
63120.0,0,1,53,0,70,2798,1,no
73691.0,0,1,58,0,49,2394,1,no
63381.0,0,1,78,0,60,2791,0,no
76140.0,0,0,57,0,72,2206,0,no
62859.0,0,1,37,0,61,2705,0,no
45906.0,0,1,20,0,56,2577,0,no
77632.0,0,0,73,0,73,2635,3,yes
46463.0,1,1,56,0,49,2474,0,no
105471.0,0,0,36,0,50,2683,3,yes
55282.0,1,0,9,0,50,2357,0,no
78710.0,0,1,42,0,43,2196,0,no
66886.0,0,1,28,0,62,2445,0,no
98777.0,0,0,23,0,60,2291,0,no
29103.0,1,0,38,0,35,2830,0,no
67445.0,0,1,63,0,46,2845,0,no
50616.0,0,1,71,0,70,2236,0,no
49431.0,0,1,9,0,65,2854,0,no
61278.0,0,1,87,0,67,2335,0,no
26490.0,0,0,92,0,62,2804,0,no
73059.0,0,1,36,0,73,2461,0,no
46734.0,1,2,86,0,54,2410,1,no
56253.0,0,1,83,0,57,2728,0,no
19986.0,1,0,74,0,35,2386,0,no
58330.0,0,1,87,0,45,2345,0,no
25965.0,0,0,29,0,40,2819,0,no
14661.0,0,0,88,0,64,2703,0,no
18690.0,0,0,77,0,61,2707,0,no
45068.0,0,1,25,0,46,2568,0,no
21063.0,1,0,34,0,33,2436,0,no
29187.0,1,0,43,0,52,2575,0,no
54690.0,1,1,76,0,49,2393,0,no
59304.0,0,1,81,0,56,2494,0,no
59247.0,0,2,87,0,58,2392,0,no
66731.0,0,1,33,0,50,2814,0,no
77353.0,0,1,38,0,40,2354,0,no
52614.0,0,1,63,0,45,2734,0,no
26751.0,2,0,26,0,46,2197,0,no
81300.0,0,1,17,0,57,2766,2,no
70337.0,0,0,75,0,41,2337,0,no
36145.0,1,0,13,0,35,2537,2,no
65295.0,0,0,19,0,40,2347,0,no
68118.0,0,1,51,0,57,2413,0,no
68743.0,0,0,81,0,53,2827,0,no
41039.0,0,0,32,0,38,2498,0,no
38946.0,0,1,84,0,65,2407,0,no
65777.0,0,0,87,0,53,2351,0,no
66476.0,0,1,99,0,44,2638,0,no
86857.0,0,0,96,0,48,2814,0,no
77845.0,0,0,40,0,31,2203,2,no
69476.0,0,0,3,0,51,2431,0,no
50611.0,0,1,98,0,60,2792,0,no
61209.0,0,0,73,0,50,2467,0,no
42315.0,0,1,90,0,62,2511,0,no
13084.0,0,0,29,0,68,2398,0,no
47570.0,1,1,3,0,71,2555,1,no
61923.0,0,2,94,0,59,2497,0,no
34824.0,0,0,65,0,25,2254,0,no
26518.0,1,1,33,0,71,2606,1,no
45938.0,0,0,46,0,59,2397,0,no
78468.0,0,0,29,0,60,2240,1,no
78901.0,0,1,99,0,47,2444,0,no
71427.0,2,0,26,0,42,2268,0,no
71022.0,0,1,30,0,42,2297,0,no
90247.0,0,0,27,0,32,2220,4,yes
41335.0,1,0,24,0,52,2344,0,no
71952.0,1,0,93,0,34,2694,2,no
35682.0,1,0,34,0,50,2161,0,no
43185.0,0,1,88,0,69,2604,0,no
66375.0,0,1,96,0,72,2379,1,no
35178.0,1,0,10,0,49,2694,2,no
25252.0,1,0,26,0,34,2511,0,no
55250.0,0,1,49,0,55,2775,0,no
33249.0,1,0,11,0,45,2653,0,no
58398.0,0,0,44,0,67,2570,0,no
50272.0,1,0,75,0,38,2485,0,no
76618.0,0,0,64,0,45,2728,0,no
87305.0,0,0,19,0,60,2803,2,no
25851.0,1,0,45,0,42,2662,0,no
58710.0,0,1,77,0,50,2614,0,no
45160.0,1,1,9,0,62,2251,0,no
74806.0,0,1,1,0,55,2716,0,no
59111.0,0,0,90,0,66,2582,0,no
18988.0,1,0,43,0,36,2196,0,no
72190.0,0,0,79,0,55,2660,0,no
7500.0,1,0,19,0,44,2856,2,no
44794.0,0,1,99,0,54,2180,0,no
80395.0,0,0,62,0,65,2377,1,no
75012.0,0,0,41,0,44,2314,0,no
56962.0,2,1,60,0,55,2420,0,no
89891.0,0,0,17,0,29,2599,2,no
35946.0,1,1,24,0,71,2434,0,no
53593.0,1,1,60,0,67,2850,0,no
66373.0,1,1,57,0,42,2541,0,no
45072.0,1,2,74,0,72,2415,0,no
89694.0,1,1,22,0,47,2422,3,yes
72025.0,0,0,46,0,71,2220,0,no
67432.0,0,1,69,0,47,2616,0,no
70545.0,0,1,29,0,68,2185,0,no
17487.0,1,0,37,0,31,2627,0,no
62882.0,0,1,26,0,51,2848,0,no
64108.0,0,1,8,0,67,2622,0,no
34941.0,1,1,26,0,64,2639,0,no
48767.0,1,2,79,0,70,2338,0,no
38702.0,1,0,71,0,42,2491,0,no
82224.0,0,0,83,0,56,2314,1,no
83844.0,0,0,57,0,68,2572,1,no
17003.0,1,0,37,0,45,2361,0,no
71163.0,0,0,30,0,25,2271,0,no
33697.0,1,0,34,0,50,2446,1,no
63564.0,0,0,0,0,66,2310,0,no
83443.0,0,0,89,0,48,2339,0,no
51518.0,0,1,92,0,62,2428,0,no
58330.0,0,1,87,0,45,2345,0,no
80952.0,0,0,20,0,51,2645,0,no
75507.0,0,0,56,0,41,2217,0,no
63855.0,0,0,28,0,42,2664,0,no
62220.0,0,1,55,0,48,2846,1,no
58512.0,0,1,25,0,56,2442,0,no
40662.0,1,0,0,0,41,2630,0,no
38829.0,0,1,86,0,61,2243,0,no
35523.0,1,0,8,0,39,2428,0,no
79146.0,1,1,33,0,53,2225,0,no
78285.0,0,0,13,0,32,2403,0,no
31626.0,1,0,12,0,42,2574,0,no
75127.0,0,0,92,0,68,2197,0,no
48726.0,0,1,90,0,65,2587,0,no
74985.0,0,0,8,0,43,2815,1,no
67430.0,0,0,6,0,33,2821,1,no
46891.0,0,1,91,0,55,2460,0,no
62058.0,0,1,52,0,64,2558,0,no
72063.0,0,1,3,0,41,2520,0,no
78939.0,0,0,57,0,69,2358,0,no
42720.0,1,1,9,0,55,2590,1,no
33622.0,1,1,22,0,48,2601,0,no
6835.0,0,1,76,0,63,2727,0,no
41452.0,1,1,86,0,67,2639,0,no
40760.0,0,1,64,0,55,2462,0,no
74250.0,0,0,90,0,62,2313,0,no
51124.0,1,1,79,0,65,2352,0,no
72258.0,0,1,28,0,49,2449,0,no
71466.0,0,0,86,0,46,2244,0,no
36283.0,1,1,42,0,44,2235,0,no
20587.0,1,0,39,0,50,2208,0,no
30467.0,1,0,8,0,48,2261,0,no
31590.0,1,0,40,0,48,2535,0,no
20425.0,1,0,5,0,34,2767,0,no
17144.0,1,1,96,0,60,2293,0,no
42564.0,0,1,28,0,52,2702,0,no
43783.0,1,0,22,0,42,2190,1,no
40780.0,0,1,30,0,44,2818,0,no
62847.0,0,0,45,0,75,2689,0,no
82017.0,0,0,58,0,63,2758,2,no
16813.0,0,0,49,0,70,2504,1,no
51267.0,1,1,37,0,42,2402,0,no
46524.0,0,1,70,0,59,2609,0,no
45183.0,0,0,33,0,58,2684,1,no
70421.0,0,1,98,0,66,2160,0,no
60161.0,0,1,17,0,55,2773,0,no
73926.0,0,0,54,0,47,2643,0,no
19329.0,1,0,39,0,52,2356,0,no
61872.0,0,1,81,0,50,2357,0,no
46984.0,1,1,71,0,64,2619,0,no
34838.0,1,1,62,0,69,2685,0,no
82716.0,0,0,8,0,76,2395,0,no
48192.0,0,0,76,0,62,2608,4,yes
49681.0,0,2,66,0,44,2396,0,no
56850.0,0,1,83,0,49,2257,0,no
55267.0,0,1,28,0,63,2410,0,no
59666.0,1,1,87,0,48,2623,1,no
72504.0,0,1,43,0,48,2608,0,no
26872.0,0,0,0,0,39,2415,0,no
21359.0,1,0,1,0,48,2594,1,no
73170.0,0,0,1,0,45,2188,0,no
52750.0,0,1,72,0,65,2669,0,no
91820.0,0,0,72,0,34,2377,0,no
65968.0,0,1,12,0,50,2207,0,no
30772.0,1,1,89,0,44,2268,0,no
22507.0,0,0,67,0,66,2741,0,no
65685.0,0,1,54,0,48,2251,0,no
25804.0,1,0,34,0,42,2460,0,no
76412.0,0,0,15,0,40,2579,3,yes
22063.0,1,0,43,0,48,2484,0,no
57091.0,0,0,0,0,59,2173,2,no
22419.0,0,0,74,0,57,2596,0,no
87771.0,0,1,61,0,61,2562,0,no
78353.0,0,1,51,0,61,2598,0,no
93404.0,1,2,97,0,66,2577,2,no
37859.0,1,2,75,0,58,2692,0,no
80995.0,0,1,83,0,62,2573,0,no
16529.0,1,0,23,0,36,2279,0,no
55412.0,1,1,65,0,44,2378,0,no
48789.0,0,0,94,0,28,2816,0,no
56575.0,0,2,42,0,53,2579,0,no
25130.0,1,0,10,0,40,2429,0,no
35441.0,1,1,94,0,53,2659,0,no
71391.0,0,1,50,0,64,2616,0,no
49494.0,1,0,46,0,48,2589,0,no
81702.0,0,0,98,0,40,2803,0,no
45889.0,0,1,42,0,40,2521,0,no
56628.0,0,1,30,0,43,2259,1,no
34026.0,1,1,11,0,70,2487,0,no
40049.0,0,1,61,0,46,2736,0,no
34176.0,1,0,12,0,32,2207,0,no
19419.0,1,0,76,0,39,2755,0,no
82504.0,0,0,2,0,60,2496,0,no
81205.0,0,0,43,0,50,2326,0,no
61618.0,0,0,27,0,29,2797,1,no
55284.0,0,1,60,0,64,2711,0,no
49980.0,0,1,79,0,57,2408,0,no
15072.0,2,0,96,0,40,2574,0,no
49166.0,0,1,17,0,46,2540,0,no
65324.0,0,1,0,0,66,2328,0,no
82347.0,0,0,38,0,63,2759,2,no
30843.0,1,1,43,0,54,2193,1,no
46374.0,0,1,1,0,46,2263,0,no
60474.0,0,1,25,0,41,2613,0,no
38576.0,0,1,2,0,47,2276,0,no
55357.0,2,0,66,0,35,2654,0,no
37758.0,1,1,49,0,54,2792,0,no
85710.0,0,0,5,0,31,2579,1,no
23228.0,1,0,71,0,51,2313,0,no
44602.0,1,1,35,0,51,2293,0,no
7500.0,0,0,94,0,33,2695,0,no
38683.0,1,0,80,0,31,2792,0,no
49514.0,1,0,61,0,45,2353,0,no
57906.0,0,1,29,0,47,2542,0,no
43456.0,0,1,0,0,54,2619,0,no
19485.0,2,0,80,0,34,2437,0,no
53172.0,0,1,54,0,42,2578,0,no
30545.0,1,0,71,0,41,2779,0,no
70123.0,0,0,27,0,37,2433,2,no
62450.0,0,1,61,0,61,2333,1,no
21675.0,1,0,55,0,44,2177,0,no
42395.0,1,1,35,0,39,2245,0,no
61346.0,1,0,34,0,42,2425,0,no
80812.0,0,0,95,0,67,2444,0,no
42835.0,1,1,64,0,49,2523,0,no
39922.0,1,0,30,0,37,2659,0,no
86424.0,0,0,12,0,64,2244,0,no
17117.0,1,0,96,0,42,2687,0,no
24762.0,1,0,16,0,48,2298,0,no
35797.0,0,1,16,0,45,2780,0,no
36627.0,2,0,78,0,45,2500,0,no
51111.0,1,1,83,0,39,2169,0,no
86857.0,0,0,96,0,48,2814,0,no
82072.0,0,0,67,0,50,2521,0,no
46231.0,2,1,87,0,67,2739,0,no
42243.0,1,1,34,0,61,2359,0,no
51195.0,1,1,46,0,58,2613,0,no
68092.0,0,0,7,0,42,2354,0,no
31814.0,1,0,73,0,47,2664,1,no
51390.0,1,1,54,0,55,2818,0,no
76630.0,0,0,93,0,37,2325,0,no
26868.0,1,0,52,0,29,2219,0,no
48948.0,0,0,53,0,77,2672,2,no
55260.0,0,1,81,0,48,2723,0,no
64090.0,0,1,8,0,64,2485,1,no
78331.0,0,1,97,0,62,2316,0,no
37087.0,1,0,50,0,46,2481,0,no
21846.0,1,0,38,0,34,2409,0,no
81320.0,0,0,61,0,62,2667,0,no
54137.0,0,1,46,0,50,2476,0,no
66825.0,0,0,73,0,53,2509,0,no
57100.0,0,0,19,0,47,2366,0,no
58917.0,1,2,10,0,51,2621,0,no
85072.0,0,0,94,0,43,2240,0,no
86429.0,0,0,10,0,59,2379,2,no
45684.0,1,0,37,0,49,2368,0,no
47889.0,1,0,94,0,46,2335,0,no
45921.0,0,0,23,0,34,2270,0,no
78420.0,0,0,75,0,54,2524,0,no
75114.0,0,0,40,0,28,2393,0,no
52278.0,0,1,24,0,57,2679,0,no
35641.0,1,0,11,0,48,2509,1,no
95529.0,0,0,29,0,26,2732,2,no
62820.0,0,0,51,0,66,2573,0,no
73113.0,0,0,86,0,60,2344,0,no
84169.0,0,0,9,0,38,2485,3,yes
42607.0,0,1,30,0,66,2383,0,no
74637.0,0,0,73,0,66,2566,1,no
46015.0,1,1,25,0,65,2236,2,no
72354.0,0,0,67,0,27,2597,0,no
39858.0,1,0,67,0,51,2680,1,no
34469.0,1,1,58,0,72,2215,0,no
83033.0,1,0,82,0,34,2201,1,no
24401.0,0,0,98,0,41,2826,0,no
77583.0,0,0,93,0,42,2298,1,no
74116.0,0,0,53,0,38,2340,1,no
74293.0,0,0,66,0,27,2215,0,no
68397.0,0,1,6,0,44,2383,0,no
79632.0,0,0,42,0,46,2241,0,no
46107.0,1,0,78,0,31,2298,0,no
64950.0,0,1,29,0,69,2845,1,no
25443.0,1,0,82,0,31,2713,0,no
75127.0,0,0,92,0,68,2197,0,no
32892.0,1,0,78,0,49,2194,0,no
71796.0,0,0,54,0,49,2407,0,no
67536.0,0,1,45,0,50,2562,1,no
55239.0,0,1,59,0,49,2509,0,no
60554.0,1,0,8,0,45,2483,0,no
64831.0,1,1,51,0,68,2543,0,no
56067.0,0,1,51,0,58,2503,0,no
82025.0,0,0,76,0,37,2556,2,no
94384.0,0,0,62,0,67,2641,4,yes
14906.0,0,0,86,0,34,2713,0,no
51563.0,0,0,60,0,33,2795,2,no
57937.0,0,1,56,0,38,2292,0,no
68274.0,1,1,83,0,41,2431,0,no
39771.0,1,0,92,0,43,2364,0,no
67893.0,0,1,31,0,45,2795,0,no
27922.0,1,0,80,0,41,2209,0,no
52190.0,1,1,39,0,44,2211,1,no
44051.0,1,1,20,0,47,2675,0,no
42767.0,2,0,53,0,49,2573,0,no
46106.0,1,1,84,0,44,2208,0,no
16927.0,1,1,50,0,44,2663,0,no
59754.0,0,1,96,0,55,2734,1,no
53700.0,0,1,94,0,68,2840,0,no
59041.0,1,1,25,0,47,2212,0,no
54237.0,0,1,48,0,63,2587,0,no
70647.0,0,1,65,0,53,2805,0,no
52597.0,0,1,69,0,58,2212,0,no
41021.0,1,0,12,0,51,2705,1,no
40233.0,0,1,84,0,45,2417,0,no
50183.0,1,1,47,0,40,2163,0,no
54753.0,0,1,87,0,61,2449,0,no
92955.0,0,0,35,0,47,2473,3,yes
33471.0,1,0,47,0,47,2784,0,no
34596.0,1,0,48,0,46,2601,0,no
44010.0,1,0,46,0,40,2783,0,no
84219.0,0,0,27,0,32,2306,0,no
40706.0,2,1,37,0,52,2687,0,no
15716.0,1,0,8,1,32,2753,0,no
59052.0,0,1,29,0,61,2383,0,no
80573.0,0,0,85,0,49,2782,0,no
83715.0,0,0,2,0,58,2305,0,no
82576.0,0,0,66,0,61,2856,0,no
56962.0,2,1,60,0,55,2420,0,no
35704.0,1,1,54,0,68,2336,0,no
53103.0,0,1,70,0,66,2449,1,no
46779.0,1,1,55,0,60,2511,0,no
4861.0,0,0,20,0,55,2166,0,no
33462.0,1,0,78,0,41,2485,0,no
63693.0,0,1,63,0,42,2417,0,no
80763.0,0,0,17,0,70,2477,3,yes
65352.0,0,1,43,0,46,2471,0,no
82170.0,0,0,13,0,42,2375,0,no
75759.0,0,0,46,0,51,2406,4,yes
79689.0,0,0,65,0,44,2572,0,no
35340.0,1,1,1,0,64,2159,0,no
85683.0,0,0,6,0,66,2259,5,yes
24884.0,1,0,32,0,48,2736,0,no
42021.0,1,0,34,0,39,2826,1,no
64449.0,1,0,70,0,31,2290,0,no
64587.0,1,1,49,0,66,2166,0,no
34824.0,0,0,65,0,25,2254,0,no
75437.0,0,0,25,0,42,2391,1,no
26091.0,1,1,84,0,63,2283,0,no
52845.0,1,0,7,0,47,2479,1,no
46086.0,0,1,34,0,64,2397,0,no
78028.0,0,1,38,0,64,2816,3,yes
95169.0,0,0,1,0,33,2422,0,no
56337.0,1,1,25,0,39,2618,3,yes
22434.0,1,0,25,0,33,2660,0,no
36930.0,0,1,50,0,66,2567,0,no
36130.0,0,1,46,0,66,2671,2,no
65569.0,0,1,96,0,67,2760,0,no
83844.0,0,0,57,0,68,2572,1,no
19514.0,1,1,47,0,52,2313,1,no
36736.0,1,1,52,0,57,2574,0,no
77568.0,0,1,30,0,41,2832,0,no
49187.0,0,1,63,0,44,2328,0,no
30168.0,1,0,51,0,42,2638,0,no
34053.0,0,1,14,0,52,2816,0,no
38196.0,1,1,20,0,49,2231,0,no
59412.0,0,0,56,0,69,2230,0,no
70924.0,0,0,41,0,55,2242,1,no
54165.0,0,0,72,0,51,2556,0,no
32300.0,1,0,1,0,47,2701,0,no
20180.0,0,0,27,0,44,2653,0,no
34961.0,1,0,77,0,47,2169,0,no
28440.0,1,0,87,0,46,2516,0,no
64504.0,1,2,81,0,67,2641,1,no
33564.0,0,1,51,0,54,2164,0,no
17345.0,1,0,79,0,42,2762,0,no
56320.0,0,1,11,0,53,2606,0,no
28647.0,1,0,54,0,42,2471,2,no
15038.0,1,0,93,0,33,2675,0,no
32173.0,0,1,0,0,62,2491,0,no
68316.0,0,1,54,0,56,2761,0,no
74538.0,0,0,21,0,49,2524,0,no
91700.0,0,0,58,0,49,2687,1,no
68695.0,0,0,3,0,51,2163,0,no
31056.0,1,0,99,0,43,2682,0,no
79593.0,0,0,70,0,47,2207,1,no
28071.0,0,0,65,0,40,2828,0,no
37334.0,1,1,44,0,62,2282,0,no
46423.0,1,1,6,0,48,2443,0,no
37126.0,1,0,9,0,49,2250,0,no
47703.0,0,1,95,0,67,2555,0,no
61180.0,0,1,70,0,61,2226,0,no
38998.0,1,1,92,1,66,2762,0,no
8028.0,0,0,62,0,29,2808,0,no
76081.0,0,0,85,0,58,2196,1,no
34728.0,1,0,2,0,34,2493,0,no
33168.0,0,1,0,0,55,2783,0,no
33585.0,0,1,91,0,54,2436,0,no
77037.0,0,1,3,0,60,2418,0,no
35196.0,1,0,68,0,36,2752,1,no
44529.0,0,1,98,0,54,2518,1,no
70924.0,0,0,41,0,55,2242,1,no
28764.0,1,1,16,0,54,2183,1,no
69098.0,0,0,82,0,71,2657,0,no
25959.0,1,1,1,0,50,2659,1,no
27100.0,1,0,64,0,37,2609,0,no
70596.0,0,0,68,0,35,2791,0,no
42557.0,0,1,98,0,46,2828,0,no
53312.0,0,0,32,0,69,2483,0,no
72228.0,0,0,87,0,68,2738,0,no
67605.0,0,0,84,0,33,2614,0,no
62845.0,1,1,3,0,71,2795,2,no
65196.0,0,2,34,0,62,2498,1,no
42000.0,0,0,23,0,33,2694,1,no
35860.0,1,1,37,0,47,2200,1,no
65526.0,0,1,22,0,56,2238,0,no
16860.0,1,1,19,0,59,2814,0,no
83528.0,0,0,7,0,28,2218,3,yes
64176.0,0,1,52,0,55,2854,0,no
22304.0,0,0,91,0,64,2853,0,no
67023.0,0,0,93,1,42,2276,0,no
32892.0,1,0,78,0,49,2194,0,no
70713.0,0,1,23,0,54,2732,0,no
59925.0,0,1,83,0,65,2735,0,no
39722.0,0,1,92,0,67,2284,0,no
46610.0,0,0,4,0,62,2505,0,no
88347.0,0,0,32,0,59,2520,0,no
87171.0,0,0,27,0,39,2583,3,yes
26907.0,1,1,10,0,44,2472,0,no
50014.0,1,0,9,0,52,2317,0,no
41014.0,1,0,65,0,42,2592,0,no
66294.0,0,0,68,0,55,2263,0,no
36715.0,1,0,16,0,49,2748,1,no
79456.0,0,0,12,0,64,2835,1,no
40479.0,1,0,95,0,38,2475,0,no
75345.0,0,0,16,0,50,2671,2,no
54233.0,0,1,46,0,43,2669,0,no
24163.0,1,1,3,0,50,2419,0,no
84460.0,0,0,80,0,62,2700,5,yes
43776.0,1,0,77,0,37,2216,0,no
71691.0,0,0,0,0,62,2263,1,no
85844.0,0,0,62,0,47,2190,1,no
39190.0,1,0,91,0,46,2223,0,no
71367.0,0,0,24,0,61,2469,0,no
38578.0,1,1,2,0,48,2531,1,no
57236.0,1,1,22,0,55,2268,0,no
61825.0,0,1,56,0,41,2485,0,no
79803.0,0,1,54,0,62,2186,0,no
80910.0,0,0,71,0,34,2765,0,no
27590.0,1,0,38,0,38,2591,0,no
56775.0,0,1,62,0,41,2702,0,no
83829.0,0,0,78,0,45,2423,4,yes
54210.0,0,1,18,0,41,2564,0,no
38508.0,1,0,95,0,34,2490,0,no
53187.0,1,0,66,0,50,2405,0,no
30023.0,1,0,28,0,48,2256,0,no
76045.0,0,0,78,0,60,2385,1,no
50870.0,0,1,13,0,68,2169,0,no
15315.0,0,0,27,0,50,2489,0,no
65463.0,1,0,17,0,46,2309,0,no
66480.0,1,1,71,0,55,2188,0,no
76773.0,0,0,79,0,66,2648,0,no
81698.0,0,0,1,0,37,2644,1,no
54466.0,1,1,78,0,47,2299,0,no
98777.0,0,0,23,0,60,2291,0,no
16269.0,1,0,75,0,36,2462,0,no
71819.0,0,1,70,0,49,2464,2,no
33569.0,1,0,10,0,37,2415,0,no
36262.0,0,0,24,0,37,2441,0,no
22634.0,0,0,47,0,54,2688,0,no
47025.0,0,1,98,0,42,2449,0,no
70566.0,0,1,4,0,52,2425,0,no
31605.0,1,0,15,0,41,2743,0,no
52034.0,1,1,67,0,47,2567,0,no
48526.0,1,0,32,0,41,2346,0,no
46734.0,0,1,40,0,66,2747,0,no
39552.0,1,1,54,0,58,2717,1,no
86358.0,1,1,78,0,54,2849,0,no
46931.0,2,1,94,0,43,2225,0,no
16581.0,0,0,51,0,35,2692,0,no
63998.0,0,0,42,0,68,2350,0,no
67381.0,0,1,67,0,69,2689,1,no
25930.0,1,1,87,0,53,2421,0,no
42693.0,1,0,29,0,42,2181,0,no
85606.0,0,1,89,0,44,2753,1,no
72903.0,0,0,74,0,35,2402,4,yes
49669.0,1,0,97,0,46,2195,0,no
36778.0,1,1,63,0,52,2852,0,no
85696.0,0,0,88,0,58,2581,1,no
10979.0,0,0,34,0,31,2197,0,no
49678.0,0,1,81,0,59,2671,0,no
56129.0,0,1,65,0,67,2533,0,no
37155.0,1,0,51,0,31,2673,0,no
21282.0,1,0,76,0,42,2208,0,no
33419.0,0,1,76,0,58,2475,0,no
63285.0,0,0,84,0,75,2395,0,no
21255.0,1,0,56,0,46,2318,0,no
42162.0,1,0,31,0,39,2381,0,no
54450.0,1,1,0,0,64,2812,0,no
57744.0,0,1,91,0,66,2388,0,no
26576.0,1,0,40,0,34,2783,2,no
57513.0,0,0,59,0,77,2517,0,no
68142.0,0,1,96,0,56,2828,0,no
7500.0,0,1,61,0,41,2828,0,no
83145.0,0,0,14,0,46,2804,1,no
54197.0,0,1,16,0,60,2246,0,no
23091.0,1,1,98,0,57,2191,0,no
46049.0,1,1,11,0,44,2502,1,no
56715.0,0,0,52,0,46,2730,0,no
79410.0,0,0,19,0,59,2190,0,no
57304.0,0,1,61,0,69,2634,0,no
44375.0,0,1,73,0,55,2257,0,no
54450.0,1,1,0,0,64,2812,0,no
59594.0,0,1,74,0,55,2776,1,no
80685.0,0,0,55,0,26,2835,0,no
40344.0,0,1,48,0,46,2418,0,no
62710.0,0,1,53,0,48,2561,0,no
48985.0,0,1,13,0,52,2518,0,no
35322.0,1,2,34,0,52,2835,0,no
77142.0,0,0,54,0,72,2555,0,no
81657.0,0,0,69,0,51,2317,0,no
14421.0,0,0,81,0,24,2291,1,no
20130.0,0,0,99,0,46,2263,0,no
74214.0,0,0,3,0,30,2831,1,no
66726.0,1,1,61,0,63,2327,1,no
23724.0,1,0,65,0,41,2696,0,no
47353.0,0,1,93,0,60,2387,0,no
33444.0,1,1,24,0,68,2762,0,no
54386.0,0,1,8,0,39,2567,0,no
28510.0,1,1,72,0,39,2601,0,no
90638.0,0,0,29,0,29,2295,2,no
48070.0,0,1,33,1,70,2691,0,no
43140.0,0,1,68,0,63,2699,0,no
54959.0,0,1,55,0,59,2685,0,no
15056.0,1,1,76,0,62,2581,0,no
26954.0,1,0,17,0,49,2211,0,no
22327.0,1,0,94,0,35,2490,0,no
44393.0,1,1,86,0,55,2470,0,no
62000.0,0,1,25,0,68,2467,0,no
31497.0,0,1,22,0,58,2729,0,no
45894.0,0,2,15,0,46,2281,0,no
78579.0,0,0,35,0,50,2713,1,no
67369.0,0,1,81,0,51,2748,3,yes
58401.0,0,1,55,0,60,2229,0,no
62307.0,0,1,94,0,68,2291,0,no
43641.0,1,1,50,0,51,2592,0,no
63841.0,0,1,64,0,52,2593,0,no
46891.0,0,1,91,0,55,2460,0,no
70091.0,1,0,11,0,51,2614,1,no
78075.0,0,0,72,0,48,2244,0,no
59184.0,0,1,6,0,59,2817,0,no
54809.0,1,1,0,0,43,2450,1,no
58113.0,0,1,66,1,61,2679,0,no
51412.0,0,1,42,0,62,2339,0,no
15287.0,1,0,60,0,41,2786,2,no
66636.0,0,0,64,0,63,2475,0,no
50965.0,0,1,87,0,64,2653,1,no
84618.0,0,0,96,0,55,2378,1,no
18351.0,0,0,1,0,30,2402,0,no
40451.0,0,2,54,0,63,2292,1,no
36317.0,0,1,53,0,55,2562,0,no
42213.0,0,1,96,0,63,2419,0,no
65748.0,0,1,58,1,65,2599,0,no
77044.0,0,1,12,0,48,2404,1,no
74918.0,0,0,78,0,51,2633,1,no
56721.0,1,1,64,0,48,2765,0,no
42160.0,1,1,26,0,45,2525,1,no
61559.0,0,1,8,0,55,2506,0,no
33629.0,1,1,49,0,57,2849,0,no
68682.0,0,0,56,0,29,2425,0,no
34377.0,0,1,55,0,57,2685,0,no
8940.0,1,0,25,0,34,2835,0,no
26228.0,1,0,50,0,47,2439,0,no
77297.0,0,0,84,0,63,2678,1,no
40211.0,1,1,30,0,39,2493,1,no
33438.0,1,1,81,0,62,2439,0,no
75032.0,0,1,74,0,61,2586,0,no
61284.0,0,0,76,0,65,2419,1,no
22518.0,1,0,36,0,34,2774,0,no
54730.0,0,1,64,0,45,2477,0,no
38452.0,1,1,62,0,65,2250,0,no
44421.0,1,1,53,0,49,2658,0,no
38197.0,1,0,86,0,34,2524,0,no
41986.0,0,1,15,0,42,2299,0,no
28427.0,1,0,67,0,37,2624,0,no
37395.0,1,0,47,0,44,2217,0,no
64722.0,1,0,47,0,49,2193,0,no
55249.0,0,1,81,0,64,2232,0,no
84906.0,0,0,98,0,48,2427,3,yes
28691.0,1,0,56,0,31,2519,0,no
44213.0,1,1,48,0,68,2371,0,no
25707.0,1,0,18,0,36,2321,0,no
59062.0,2,1,74,0,53,2428,0,no
76624.0,0,1,68,0,58,2195,1,no
66000.0,0,0,36,0,73,2229,0,no
27683.0,1,0,90,0,42,2853,0,no
1730.0,0,0,65,0,49,2201,0,no
7500.0,1,0,63,0,28,2732,0,no
40521.0,1,1,82,0,52,2609,0,no
20427.0,1,0,63,0,47,2256,0,no
65106.0,0,1,55,0,45,2195,1,no
69969.0,0,0,64,0,55,2465,3,yes
67433.0,0,2,51,0,68,2507,1,no
77766.0,0,1,97,0,53,2651,2,no
74716.0,0,1,92,0,48,2449,0,no
68118.0,0,1,51,0,57,2413,0,no
55158.0,1,1,72,0,50,2858,1,no
62972.0,0,1,39,0,65,2854,0,no
74190.0,0,1,49,0,45,2207,0,no
39356.0,1,1,21,0,44,2261,0,no
76653.0,0,0,91,0,51,2476,0,no
35860.0,1,1,37,0,47,2200,1,no
90687.0,0,0,98,0,37,2562,2,no
73450.0,0,0,85,0,38,2365,2,no
31454.0,1,1,40,0,60,2517,0,no
47139.0,1,1,2,0,68,2274,0,no
83829.0,0,0,78,0,45,2423,4,yes
53378.0,1,1,41,0,57,2802,0,no
19656.0,1,0,94,0,50,2665,0,no
45579.0,0,1,10,0,72,2472,0,no
85485.0,0,0,73,0,62,2167,0,no
55956.0,0,0,22,0,76,2242,1,no
64191.0,0,1,30,0,57,2682,0,no
38808.0,1,0,21,0,48,2831,0,no
57183.0,1,1,51,0,54,2626,0,no
23748.0,1,0,97,0,52,2744,0,no
66303.0,0,1,56,0,49,2647,1,no
37368.0,1,0,4,0,45,2354,0,no
40800.0,1,2,77,1,56,2703,0,no
71847.0,0,0,95,0,42,2805,1,no
46149.0,0,1,36,0,45,2371,0,no
78687.0,0,0,13,0,37,2848,2,no
49118.0,0,0,90,0,49,2839,3,yes
37633.0,1,1,49,0,63,2806,0,no
39767.0,0,0,18,0,69,2502,0,no
26997.0,0,0,89,0,69,2760,0,no
33986.0,1,0,43,0,50,2631,0,no
57091.0,0,1,82,0,48,2742,2,no
46831.0,1,1,84,0,51,2545,0,no
83151.0,0,0,80,0,48,2663,4,yes
52531.0,0,0,68,0,49,2705,0,no
15759.0,0,0,12,0,64,2456,0,no
22804.0,1,0,75,0,49,2492,0,no
43050.0,1,0,10,0,47,2262,0,no
42997.0,1,1,91,0,43,2363,0,no
48918.0,1,1,21,0,57,2237,0,no
60033.0,0,1,28,0,66,2251,0,no
34043.0,1,0,97,0,42,2406,0,no
57811.0,0,1,49,0,54,2529,1,no
78569.0,0,0,14,0,74,2289,2,no
7500.0,1,1,5,0,42,2708,0,no
94384.0,0,0,62,0,67,2641,4,yes
23148.0,0,0,83,0,35,2290,0,no
44267.0,1,1,48,0,50,2648,0,no
71626.0,0,0,94,0,41,2764,1,no
60894.0,0,1,61,0,54,2525,0,no
50200.0,1,1,70,0,44,2611,0,no
81051.0,0,0,43,0,55,2196,2,no
65169.0,0,0,23,0,38,2325,5,yes
59868.0,0,1,37,0,48,2501,0,no
65695.0,0,1,50,0,60,2308,0,no
64857.0,0,0,78,0,64,2742,0,no
45143.0,0,1,74,0,55,2466,0,no
74805.0,0,1,14,0,65,2394,0,no
59060.0,1,0,77,0,31,2328,0,no
27238.0,1,1,39,0,58,2594,0,no
47009.0,0,1,89,0,55,2430,0,no
46094.0,1,1,62,0,47,2178,0,no
40321.0,1,1,59,0,48,2494,0,no
37235.0,1,0,68,0,36,2307,0,no
81843.0,0,0,13,0,60,2592,0,no
46692.0,0,1,37,0,62,2547,0,no
77382.0,0,1,36,0,52,2332,1,no
37774.0,2,0,28,1,43,2823,2,no
18393.0,1,0,2,0,46,2251,0,no
72828.0,0,1,17,0,58,2659,0,no
24711.0,0,0,86,0,38,2231,0,no
45503.0,1,0,54,0,45,2436,0,no
6560.0,0,0,2,0,38,2358,0,no
71604.0,0,0,3,0,75,2383,2,no
27244.0,1,0,84,0,41,2273,0,no
48752.0,1,1,8,0,51,2723,0,no
71434.0,0,1,4,0,58,2443,2,no
90842.0,0,0,57,0,72,2494,0,no
88097.0,1,0,24,0,42,2839,4,yes
51948.0,0,1,51,0,45,2444,0,no
71853.0,0,0,29,0,38,2576,0,no
35876.0,0,0,13,0,37,2229,0,no
40049.0,0,1,23,0,68,2415,0,no
39660.0,1,0,36,0,38,2849,0,no
50127.0,0,1,88,0,58,2190,0,no
43263.0,0,1,2,0,43,2744,0,no
62845.0,1,1,3,0,71,2795,2,no
18929.0,0,0,15,0,30,2657,0,no
24367.0,1,0,58,0,38,2625,0,no
33249.0,1,0,11,0,45,2653,0,no
26887.0,0,1,27,0,61,2663,0,no
50150.0,0,0,32,0,37,2533,0,no
62061.0,0,1,12,0,44,2461,1,no
85696.0,0,0,88,0,58,2581,1,no
76542.0,0,0,91,0,64,2615,0,no
70515.0,0,0,12,0,27,2410,0,no
18227.0,1,0,21,0,33,2757,0,no
69139.0,0,1,23,0,55,2312,0,no
69109.0,0,0,10,0,38,2756,2,no
69627.0,0,1,35,0,58,2628,0,no
38136.0,1,0,69,0,42,2592,0,no
62159.0,0,0,68,0,74,2221,0,no
80695.0,0,0,85,0,57,2341,0,no
33316.0,1,1,34,0,49,2427,0,no
58554.0,1,1,55,0,52,2800,0,no
17256.0,1,0,10,0,28,2377,1,no
53034.0,1,1,30,0,46,2554,0,no
52203.0,0,0,36,0,70,2857,0,no
59601.0,0,1,14,0,43,2498,1,no
75154.0,0,1,79,0,62,2822,1,no
47025.0,0,1,52,0,44,2393,0,no
37971.0,1,0,97,0,47,2375,0,no
41335.0,1,0,24,0,52,2344,0,no
67267.0,0,1,0,0,62,2206,0,no
57338.0,0,1,96,0,45,2220,0,no
50523.0,1,1,89,0,60,2345,0,no
35791.0,2,1,94,0,55,2578,0,no
50611.0,0,1,98,0,60,2792,0,no
56242.0,0,1,72,0,51,2642,0,no
48904.0,0,1,1,0,60,2733,0,no
56243.0,1,2,26,0,45,2340,0,no
21355.0,1,0,5,0,35,2472,0,no
57420.0,0,1,22,0,49,2528,1,no
46390.0,0,1,56,0,65,2214,0,no
54342.0,1,1,74,0,64,2520,0,no
20895.0,1,0,24,0,47,2790,0,no
92344.0,0,0,9,0,72,2324,2,no
26907.0,1,1,10,0,44,2472,0,no
44964.0,1,1,35,0,40,2719,0,no
75507.0,0,0,56,0,41,2217,0,no
53761.0,1,1,7,0,48,2420,0,no
22682.0,1,0,51,0,47,2428,0,no
38887.0,1,0,17,0,48,2278,0,no
41658.0,1,1,30,0,45,2756,0,no
29791.0,1,0,21,0,48,2204,0,no
63915.0,0,2,2,0,64,2493,0,no
39996.0,1,1,85,0,46,2197,0,no
26759.0,1,0,65,0,48,2301,0,no
63841.0,0,1,64,0,52,2593,0,no
51039.0,1,1,11,0,51,2725,0,no
60544.0,1,1,92,0,59,2832,0,no
65685.0,0,1,54,0,48,2251,0,no
37716.0,0,1,4,0,67,2228,0,no
36864.0,0,1,53,0,63,2844,1,no
44511.0,1,0,39,0,50,2784,0,no
36947.0,1,1,49,0,53,2850,0,no
47352.0,0,1,70,0,69,2603,0,no
67087.0,0,1,40,0,67,2353,0,no
57045.0,0,1,40,0,70,2818,0,no
36957.0,1,1,43,0,67,2820,0,no
69389.0,0,1,17,0,43,2798,0,no
80134.0,1,0,40,0,48,2564,4,yes
43142.0,1,1,84,0,51,2290,0,no
80589.0,0,0,25,0,76,2317,0,no
34412.0,1,0,62,0,30,2660,0,no
57537.0,1,0,83,0,41,2543,0,no
22634.0,0,0,47,0,54,2688,0,no
51315.0,0,0,45,0,72,2285,0,no
36026.0,2,1,34,0,48,2264,0,no
24639.0,1,1,3,0,47,2311,0,no
34578.0,2,1,1,0,48,2238,0,no
65704.0,0,0,18,0,48,2418,0,no
63810.0,0,1,45,0,54,2754,1,no
54132.0,0,1,81,0,51,2292,0,no
18690.0,0,0,77,0,61,2707,0,no
28164.0,1,0,23,0,50,2580,0,no
34596.0,1,0,48,0,46,2601,0,no
43269.0,1,0,61,0,48,2445,0,no
38741.0,1,1,60,0,62,2250,0,no
31907.0,0,0,75,0,48,2641,0,no
27100.0,1,0,64,0,37,2609,0,no
31163.0,1,0,54,0,47,2295,0,no
92533.0,0,0,84,0,35,2351,2,no
34853.0,1,1,75,0,47,2347,0,no
70844.0,1,1,16,0,53,2401,0,no
31086.0,1,1,79,0,41,2580,0,no
60544.0,1,1,92,0,59,2832,0,no
20491.0,0,0,16,0,34,2679,0,no
42523.0,0,0,96,0,56,2226,0,no
39922.0,1,0,30,0,37,2659,0,no
33402.0,1,1,60,0,68,2505,0,no
36408.0,1,1,11,0,71,2440,0,no
21645.0,1,0,75,0,41,2823,1,no
78427.0,0,0,36,0,72,2772,2,no
82657.0,0,0,71,0,74,2434,2,no
51876.0,0,0,88,0,62,2416,0,no
78041.0,0,0,93,0,49,2719,0,no
52852.0,0,1,93,0,63,2734,1,no
70038.0,0,0,54,0,38,2406,0,no
69401.0,0,1,41,0,47,2257,0,no
46053.0,1,0,46,0,48,2656,0,no
77343.0,0,0,28,0,55,2179,0,no
73892.0,0,0,40,0,67,2387,0,no
40304.0,1,0,82,0,53,2431,0,no
32727.0,0,0,38,0,55,2829,0,no
68695.0,0,0,3,0,51,2163,0,no
43300.0,0,1,87,0,49,2783,1,no
26290.0,1,1,49,0,48,2692,0,no
93790.0,0,0,16,0,50,2296,4,yes
38410.0,0,0,65,0,46,2812,0,no
64866.0,0,1,9,0,70,2313,1,no
57957.0,0,1,24,1,61,2473,0,no
46015.0,1,1,25,0,65,2236,2,no
16531.0,1,0,43,0,42,2170,0,no
28072.0,1,0,10,0,34,2515,0,no
49476.0,0,1,29,0,57,2533,0,no
50725.0,0,1,45,0,67,2660,0,no
83844.0,0,0,57,0,68,2572,1,no
41145.0,1,1,20,0,70,2300,0,no
67419.0,0,1,29,0,50,2688,0,no
23162.0,1,1,82,0,50,2349,0,no
34380.0,1,0,68,0,43,2582,0,no
34704.0,0,1,65,0,54,2587,0,no
94871.0,0,2,99,0,51,2825,3,yes
65148.0,0,1,9,0,62,2749,0,no
39898.0,0,1,20,0,66,2661,0,no
64857.0,0,0,78,0,64,2742,0,no
59892.0,0,1,26,0,50,2398,0,no
41020.0,0,0,68,0,33,2403,0,no
57072.0,0,1,79,0,59,2315,0,no
60474.0,0,1,25,0,41,2613,0,no
62807.0,0,1,83,0,60,2826,0,no
19414.0,1,0,32,0,39,2415,0,no
19107.0,1,0,49,0,40,2470,0,no
75484.0,0,1,50,0,44,2855,0,no
70379.0,0,1,84,0,44,2642,0,no
79419.0,0,0,96,0,50,2166,0,no
64014.0,2,1,56,0,74,2178,1,no
76998.0,0,1,85,0,65,2693,1,no
49854.0,1,0,63,0,48,2390,0,no
60585.0,1,1,17,0,49,2529,1,no
42873.0,1,1,11,0,70,2683,0,no
87679.0,0,0,62,0,32,2496,4,yes
57867.0,1,0,48,0,42,2430,0,no
35765.0,1,0,86,0,30,2359,0,no
65492.0,0,0,73,0,61,2313,0,no
32952.0,1,0,36,0,43,2369,0,no
53374.0,0,1,34,0,51,2841,2,no
71706.0,0,1,16,0,61,2752,0,no
68487.0,0,0,48,0,32,2691,0,no
53253.0,1,1,61,0,45,2662,0,no
31163.0,1,0,54,0,47,2295,0,no
42014.0,1,0,56,0,43,2840,1,no
54108.0,1,1,74,0,47,2760,0,no
49667.0,0,0,35,0,65,2837,0,no
63206.0,0,0,65,0,46,2260,1,no
57136.0,1,1,48,0,48,2514,0,no
46772.0,0,1,88,0,45,2758,0,no
78931.0,0,0,19,0,49,2406,0,no
53977.0,0,1,21,0,62,2545,0,no
84219.0,0,0,27,0,32,2306,0,no
46098.0,1,1,86,0,45,2839,0,no
73538.0,0,1,92,0,55,2740,0,no
79529.0,0,0,1,0,34,2222,0,no
20981.0,0,0,14,0,43,2584,1,no
51766.0,1,0,74,0,40,2269,0,no
55759.0,0,1,84,0,58,2737,0,no
33039.0,1,0,4,0,42,2452,0,no
37787.0,1,0,50,0,48,2441,0,no
27242.0,1,0,2,0,50,2754,1,no
87188.0,0,0,73,0,37,2550,0,no
69930.0,0,0,21,0,49,2558,0,no
37697.0,1,0,82,0,44,2301,0,no
37401.0,1,0,14,0,47,2213,0,no
3502.0,1,0,56,0,47,2601,0,no
58597.0,1,1,20,0,44,2745,0,no
82032.0,0,0,54,0,72,2244,0,no
28087.0,1,1,77,0,62,2724,0,no
74004.0,0,0,5,0,33,2284,3,yes
19740.0,0,1,65,0,60,2621,0,no
57036.0,0,1,33,0,45,2724,1,no
53083.0,1,1,65,0,62,2569,1,no
69283.0,0,1,41,0,45,2174,0,no
46098.0,1,1,86,0,45,2839,0,no
23331.0,1,0,92,0,32,2822,0,no
23331.0,1,0,97,0,32,2791,0,no
9255.0,1,0,91,0,31,2350,0,no
67786.0,0,0,0,0,61,2363,1,no
71969.0,0,1,59,0,49,2780,1,no
59235.0,1,0,4,0,53,2692,0,no
31928.0,1,0,5,0,31,2252,0,no
74881.0,1,1,48,0,59,2637,0,no
65819.0,0,0,99,0,42,2736,0,no
51411.0,1,2,81,0,67,2558,0,no
51983.0,0,1,95,0,56,2826,0,no
42386.0,1,0,43,0,34,2691,0,no
30390.0,0,0,5,0,33,2459,0,no
30983.0,0,0,50,0,57,2756,0,no
66033.0,0,1,76,0,63,2684,0,no
37284.0,1,1,46,0,45,2616,0,no
57530.0,0,1,68,0,69,2419,0,no
76800.0,0,0,33,0,55,2272,0,no
63943.0,0,1,50,0,64,2824,0,no
76081.0,0,0,85,0,58,2196,1,no
67445.0,0,1,63,0,46,2845,0,no
37054.0,1,1,89,0,53,2446,0,no
47175.0,1,1,81,0,58,2768,2,no
31859.0,1,0,77,0,44,2539,0,no
27215.0,2,1,50,0,59,2681,0,no
70179.0,0,1,10,0,44,2502,0,no
39922.0,1,0,30,0,37,2659,0,no
49681.0,0,2,66,0,44,2396,0,no
24645.0,1,0,16,0,32,2764,0,no
79865.0,0,1,12,0,66,2170,0,no
44322.0,1,0,30,0,35,2172,0,no
47958.0,0,1,8,0,68,2685,0,no
63972.0,0,1,93,0,56,2733,1,no
75315.0,0,1,14,0,66,2234,0,no
55517.0,1,1,53,0,70,2799,1,no
75283.0,1,2,26,0,63,2618,0,no
82800.0,0,0,23,0,74,2741,0,no
38998.0,1,1,92,1,66,2762,0,no
90638.0,0,0,29,0,29,2295,2,no
27161.0,1,0,41,0,34,2403,0,no
42014.0,1,0,56,0,43,2840,1,no
38201.0,0,1,19,0,60,2616,0,no
45203.0,2,0,4,0,38,2257,1,no
81574.0,0,0,89,0,73,2221,2,no
34935.0,0,0,71,0,28,2532,0,no
60482.0,0,1,81,0,44,2681,0,no
34633.0,2,1,31,0,64,2316,0,no
78093.0,0,0,53,0,73,2359,0,no
82460.0,0,0,78,0,70,2368,0,no
45903.0,0,1,80,0,54,2226,0,no
81361.0,0,0,18,0,33,2283,0,no
35860.0,1,1,37,0,47,2200,1,no
40442.0,1,1,52,0,68,2838,1,no
61482.0,0,0,39,0,55,2161,0,no
34968.0,1,0,11,0,40,2604,0,no
75794.0,0,0,33,0,33,2346,1,no
31497.0,0,1,22,0,58,2729,0,no
74268.0,0,0,83,0,65,2659,0,no
13724.0,1,0,43,0,32,2826,0,no
45143.0,0,1,74,0,55,2466,0,no
52569.0,0,1,54,0,53,2244,0,no
48432.0,0,1,3,0,47,2778,1,no
17144.0,1,1,96,0,60,2293,0,no
36108.0,1,0,68,0,36,2416,1,no
76445.0,1,0,2,0,49,2798,0,no
36663.0,1,0,40,0,45,2224,0,no
53843.0,0,1,64,0,55,2526,0,no
90226.0,0,0,26,0,64,2800,1,no
70638.0,0,0,69,0,65,2552,1,no
44512.0,1,1,57,0,60,2462,0,no
27116.0,1,1,78,0,59,2278,0,no
54072.0,1,1,71,0,57,2496,0,no
71855.0,0,1,59,0,43,2688,0,no
51250.0,1,0,28,0,30,2615,1,no
60432.0,0,1,61,0,47,2271,0,no
65526.0,0,1,22,0,56,2238,0,no
68655.0,0,0,95,0,32,2847,0,no
12393.0,0,0,38,0,42,2731,0,no
64509.0,0,0,19,0,30,2475,2,no
33955.0,1,0,92,0,45,2483,0,no
31353.0,1,1,24,0,43,2341,0,no
55434.0,1,0,21,0,36,2426,0,no
28359.0,1,0,35,0,37,2404,0,no
57100.0,1,0,9,0,33,2201,0,no
69139.0,0,1,23,0,55,2312,0,no
52973.0,0,1,92,0,64,2757,0,no
51717.0,0,1,55,0,55,2472,1,no
18793.0,1,0,14,0,49,2692,0,no
66664.0,0,0,78,0,38,2801,0,no
50664.0,1,1,64,0,61,2688,0,no
54414.0,1,1,49,0,57,2681,0,no
54549.0,0,1,8,0,68,2277,0,no
47111.0,0,1,35,0,49,2818,0,no
41003.0,0,0,11,0,57,2628,0,no
19444.0,1,0,8,0,38,2286,1,no
36301.0,1,0,53,0,44,2406,0,no
73059.0,0,1,36,0,73,2461,0,no
42731.0,1,0,64,0,51,2410,0,no
52854.0,1,1,43,0,61,2256,0,no
22775.0,1,0,40,0,42,2534,0,no
46681.0,0,2,52,0,72,2423,0,no
59821.0,0,1,11,0,65,2602,0,no
50002.0,0,1,21,0,66,2536,0,no
69755.0,0,0,23,0,75,2429,0,no
44078.0,1,1,17,0,51,2169,0,no
30560.0,1,0,6,0,44,2526,0,no
35924.0,1,1,56,0,51,2257,0,no
64140.0,0,2,71,0,56,2438,0,no
56386.0,1,1,51,0,39,2769,0,no
24594.0,1,0,94,0,41,2360,0,no
75774.0,1,0,27,0,39,2217,0,no
39228.0,0,0,1,0,60,2574,0,no
58494.0,0,1,56,0,46,2358,0,no
58684.0,0,0,71,0,39,2172,1,no
57136.0,0,0,18,0,53,2566,1,no
56551.0,1,1,48,0,70,2212,0,no
22448.0,1,0,86,0,38,2282,0,no
82014.0,0,0,48,0,59,2837,1,no
34213.0,1,1,2,0,57,2819,1,no
25358.0,0,1,57,0,73,2501,0,no
35544.0,1,0,77,0,42,2272,0,no
36634.0,0,1,0,0,66,2556,0,no
62670.0,0,1,57,0,66,2306,0,no
50334.0,0,1,24,0,48,2499,0,no
72066.0,0,0,55,0,39,2165,3,yes
50729.0,1,1,62,0,62,2582,0,no
34916.0,2,0,89,0,52,2569,0,no
64892.0,0,1,77,0,44,2190,0,no
43602.0,1,1,45,0,54,2329,0,no
33996.0,0,0,46,0,31,2450,0,no
41473.0,1,0,80,0,35,2534,0,no
63246.0,0,2,60,0,53,2472,0,no
36732.0,1,1,71,0,61,2341,0,no
69084.0,1,0,43,0,50,2381,0,no
77766.0,0,1,97,0,53,2651,2,no
37929.0,0,0,49,0,35,2493,3,yes
86610.0,0,0,66,0,69,2456,0,no
80141.0,0,0,20,0,34,2693,1,no
72635.0,0,0,54,0,65,2550,1,no
69016.0,0,1,61,0,50,2743,0,no
20193.0,0,0,18,0,29,2737,0,no
27573.0,1,0,45,0,45,2620,0,no
15862.0,1,0,26,0,41,2526,0,no
49544.0,1,0,0,0,44,2661,0,no
33228.0,1,0,28,0,40,2316,0,no
70440.0,0,0,49,0,42,2423,1,no
38232.0,1,1,84,0,49,2322,0,no
22554.0,1,1,38,0,65,2762,0,no
23536.0,1,0,53,0,37,2184,0,no
49413.0,0,1,88,0,68,2406,0,no
42231.0,1,1,99,0,51,2255,0,no
78789.0,0,0,12,0,40,2849,1,no
56534.0,0,1,35,0,52,2500,3,yes
58350.0,0,1,5,0,49,2700,0,no
81217.0,0,0,77,0,31,2504,0,no
49090.0,0,1,45,0,69,2504,0,no
61787.0,0,0,71,0,33,2517,0,no
18169.0,1,0,40,0,35,2654,0,no
24336.0,1,0,82,0,39,2830,0,no
18222.0,0,0,70,0,30,2704,0,no
62335.0,0,1,87,0,68,2561,0,no
42033.0,1,1,95,0,49,2807,0,no
86580.0,0,0,72,0,37,2646,1,no
41437.0,1,1,5,0,63,2804,0,no
73705.0,0,2,86,0,69,2275,0,no
61064.0,0,1,80,0,44,2826,0,no
38452.0,1,1,62,0,65,2250,0,no
18358.0,1,0,49,0,31,2380,0,no
55012.0,0,1,85,0,47,2259,0,no
9722.0,1,0,7,0,47,2794,1,no
38175.0,1,0,6,0,36,2438,0,no
58656.0,0,1,25,0,64,2806,1,no
52117.0,0,1,55,0,55,2841,0,no
64813.0,1,0,81,0,42,2337,0,no
54222.0,0,1,98,0,47,2279,0,no
83512.0,0,0,31,0,34,2171,5,yes
77520.0,0,1,30,0,61,2464,4,yes
41154.0,0,1,98,0,42,2605,0,no
80398.0,0,0,92,0,54,2755,0,no
18746.0,1,0,41,0,28,2190,0,no
35196.0,1,0,68,0,36,2752,1,no
60230.0,0,1,78,0,64,2564,0,no
22108.0,1,1,46,0,43,2211,0,no
44392.0,1,1,71,0,46,2456,0,no
55424.0,0,1,6,0,44,2740,2,no
17688.0,1,0,82,1,41,2691,0,no
92491.0,0,0,71,0,37,2583,0,no
90273.0,0,0,32,0,29,2356,0,no
82571.0,0,0,28,0,58,2247,0,no
38513.0,1,0,20,0,38,2311,1,no
16653.0,1,0,10,0,41,2231,0,no
42586.0,1,1,7,0,65,2767,0,no
23529.0,0,1,67,0,55,2697,0,no
74881.0,1,1,48,0,59,2637,0,no
71107.0,0,1,61,0,69,2656,0,no
46910.0,1,1,36,0,56,2257,0,no
18690.0,0,0,77,0,61,2707,0,no
37244.0,1,1,90,0,65,2587,1,no
82427.0,0,0,35,0,54,2268,1,no
75342.0,0,1,38,0,62,2578,0,no
70044.0,0,1,46,0,66,2655,0,no
79146.0,1,1,33,0,53,2225,0,no
77437.0,0,0,70,0,57,2374,1,no
54984.0,0,1,51,0,61,2195,0,no
42403.0,1,0,18,0,49,2359,0,no
55761.0,0,1,97,0,56,2225,1,no
37292.0,1,0,32,0,37,2596,0,no
45576.0,0,0,9,0,75,2191,0,no
70321.0,0,0,6,0,73,2688,0,no
58086.0,0,1,80,0,51,2684,0,no
81795.0,0,0,74,0,68,2770,0,no
28389.0,0,0,49,0,73,2745,0,no
66835.0,0,0,21,0,74,2433,0,no
69901.0,0,1,95,0,51,2555,0,no
80360.0,0,0,56,0,71,2642,3,yes
63342.0,0,1,48,0,59,2780,2,no
44989.0,0,1,26,0,46,2814,0,no
31859.0,1,0,3,0,40,2281,0,no
51569.0,0,1,39,0,71,2661,2,no
30372.0,1,1,33,0,49,2710,0,no
16014.0,1,1,42,0,41,2628,0,no
41120.0,1,1,80,0,52,2394,0,no
39763.0,1,0,9,0,49,2488,1,no
38725.0,1,1,52,0,65,2209,0,no
77981.0,1,0,78,0,48,2558,0,no
62905.0,0,1,68,0,56,2451,0,no
13533.0,1,0,45,0,41,2635,0,no
59481.0,0,1,47,0,45,2408,0,no
72117.0,0,1,34,0,43,2472,0,no
21955.0,1,0,81,0,34,2454,0,no
67131.0,0,1,72,0,64,2619,0,no
36802.0,1,0,23,0,40,2172,0,no
71853.0,0,0,29,0,38,2576,0,no
28249.0,0,0,80,0,59,2173,0,no
47808.0,0,1,30,0,45,2411,1,no
25509.0,1,0,15,0,46,2808,1,no
51012.0,0,0,86,0,74,2596,0,no
70596.0,0,0,68,0,35,2791,0,no
85431.0,0,0,54,0,68,2545,0,no
42664.0,0,1,44,0,53,2262,0,no
42586.0,1,1,7,0,65,2767,0,no
29760.0,1,0,87,0,35,2828,0,no
28973.0,0,0,59,0,43,2783,0,no
39435.0,1,0,16,0,47,2486,0,no
65370.0,0,0,1,0,36,2491,0,no
20194.0,1,0,64,0,41,2718,0,no
42473.0,1,1,72,0,44,2291,0,no
64590.0,0,0,98,0,52,2782,0,no
71232.0,0,1,91,0,61,2372,0,no
34600.0,1,1,8,0,49,2703,1,no
46904.0,1,1,20,0,53,2762,0,no
49094.0,0,1,6,0,47,2805,0,no
36075.0,1,0,54,0,37,2361,0,no
60839.0,1,1,72,0,41,2829,0,no
77298.0,0,1,46,0,41,2398,0,no
34026.0,1,1,11,0,70,2487,0,no
48918.0,1,1,21,0,57,2237,0,no
82122.0,0,0,89,0,58,2477,1,no
37697.0,1,0,82,0,44,2301,0,no
34074.0,1,1,69,0,68,2510,0,no
28520.0,1,1,55,0,60,2539,0,no
62535.0,0,1,13,0,65,2428,0,no
36273.0,1,0,80,0,43,2233,0,no
63404.0,0,2,97,0,56,2182,1,no
75774.0,1,0,27,0,39,2217,0,no
78416.0,0,1,99,0,44,2161,0,no
75702.0,0,1,87,0,46,2782,1,no
59385.0,1,1,85,0,69,2586,0,no
37070.0,1,1,30,0,54,2625,1,no
44689.0,1,1,82,0,69,2329,1,no
53977.0,0,1,21,0,62,2545,0,no
7144.0,0,2,92,0,54,2363,0,no
18701.0,1,1,95,0,56,2549,0,no
90369.0,0,0,2,0,64,2221,1,no
63159.0,0,0,74,0,46,2760,1,no
37758.0,1,1,49,0,54,2792,0,no
46757.0,0,1,71,0,57,2749,0,no
79734.0,0,0,72,0,51,2160,1,no
63207.0,0,0,68,0,28,2684,0,no
72071.0,0,1,4,0,66,2659,0,no
21840.0,1,0,80,0,37,2502,0,no
58582.0,0,1,15,0,38,2433,1,no
72282.0,0,0,70,0,69,2504,0,no
50387.0,0,2,91,0,64,2461,0,no
32583.0,1,1,10,0,59,2173,0,no
62568.0,0,1,99,0,58,2242,0,no
44635.0,1,1,25,0,49,2420,0,no
33316.0,1,1,34,0,49,2427,0,no
63967.0,0,1,57,0,52,2483,0,no
52513.0,0,0,84,0,42,2822,0,no
25293.0,1,0,51,0,51,2446,0,no
54111.0,0,1,97,0,55,2467,0,no
78394.0,0,0,13,0,34,2658,1,no
80739.0,0,0,92,0,62,2561,0,no
22669.0,1,0,30,0,45,2562,1,no
29236.0,1,0,30,0,33,2423,0,no
44911.0,0,1,11,0,61,2630,0,no
54693.0,0,1,72,0,58,2656,0,no
48186.0,1,0,39,0,46,2260,0,no
54809.0,1,1,0,0,43,2450,1,no
41580.0,1,1,15,0,42,2725,0,no
80336.0,0,0,12,0,50,2452,0,no
47743.0,0,1,56,0,63,2623,0,no
62972.0,0,1,39,0,65,2854,0,no
57333.0,0,1,55,0,66,2804,1,no
32313.0,1,0,60,0,38,2662,0,no
84953.0,0,0,73,0,67,2550,4,yes
27071.0,1,0,90,0,52,2226,0,no
68148.0,0,0,86,0,63,2461,0,no
65735.0,1,1,37,0,55,2363,0,no
86836.0,0,0,7,0,45,2814,4,yes
4023.0,1,1,29,0,57,2165,0,no
30093.0,0,0,19,0,30,2515,0,no
57705.0,0,1,14,0,54,2328,0,no
25008.0,1,0,72,0,32,2306,0,no
83257.0,0,0,56,1,25,2808,3,yes
22280.0,1,0,85,0,45,2565,0,no
72159.0,0,0,62,0,42,2767,0,no
64260.0,0,0,1,0,59,2693,0,no
82733.0,0,0,28,0,36,2451,0,no
74290.0,0,1,70,0,49,2480,2,no
58217.0,2,1,84,0,69,2748,0,no
21024.0,0,0,89,0,44,2519,0,no
70116.0,0,0,73,0,48,2678,0,no
54006.0,1,0,42,0,35,2808,0,no
69063.0,0,1,16,0,54,2758,0,no
11448.0,0,0,16,0,45,2355,0,no
61825.0,0,1,56,0,41,2485,0,no
70886.0,1,0,65,0,49,2417,0,no
69109.0,0,0,10,0,38,2756,2,no
60208.0,1,1,13,0,47,2789,2,no
32889.0,1,1,78,0,52,2455,0,no
34738.0,1,0,51,0,36,2208,0,no
30538.0,1,0,27,0,49,2795,0,no
82326.0,0,0,30,0,43,2270,4,yes
26642.0,1,0,71,0,53,2279,0,no
69932.0,0,1,97,0,56,2541,0,no
44503.0,1,1,83,0,48,2233,0,no
60200.0,0,1,3,0,72,2702,0,no
49638.0,0,1,71,0,68,2230,0,no
23830.0,0,0,3,0,33,2301,0,no
33051.0,0,0,15,0,61,2841,1,no
72905.0,0,0,52,0,62,2318,1,no
69702.0,0,1,8,0,69,2654,0,no
70300.0,1,0,89,0,45,2508,0,no
70643.0,0,0,66,0,36,2781,1,no
30396.0,1,0,22,0,51,2219,2,no
50616.0,0,1,56,0,52,2231,0,no
62772.0,0,1,74,0,51,2565,1,no
30298.0,0,0,48,0,35,2200,0,no
52413.0,1,0,67,0,36,2762,0,no
44155.0,1,1,24,0,63,2320,0,no
86979.0,0,0,67,0,49,2393,0,no
76532.0,1,1,38,0,45,2452,0,no
42081.0,1,0,86,0,38,2647,1,no
67546.0,0,0,90,0,32,2826,0,no
88420.0,0,0,87,0,31,2217,0,no
31158.0,1,0,62,0,35,2677,0,no
61671.0,0,1,23,0,52,2185,0,no
69719.0,0,0,99,0,46,2193,0,no
49160.0,0,1,29,0,71,2411,0,no
24882.0,1,0,52,0,42,2817,1,no
90933.0,0,0,90,0,66,2249,1,no
113734.0,0,0,9,0,75,2191,0,no
59292.0,0,1,71,0,70,2540,0,no
45759.0,1,1,13,0,56,2650,0,no
22148.0,0,0,16,0,37,2236,0,no
73395.0,0,0,94,0,33,2262,0,no
29819.0,1,0,77,0,49,2407,0,no
45688.0,0,1,20,0,52,2314,0,no
62820.0,0,0,51,0,66,2573,0,no
60491.0,0,1,81,0,49,2455,0,no
33235.0,1,0,71,0,34,2303,0,no
35701.0,0,0,36,0,61,2626,0,no
31535.0,1,0,95,0,40,2435,1,no
92556.0,0,0,32,0,60,2229,0,no
67384.0,0,1,32,0,50,2755,0,no
80573.0,0,0,85,0,49,2782,0,no
77870.0,0,1,93,0,53,2835,3,yes
52278.0,0,1,24,0,57,2679,0,no
57107.0,0,1,44,0,52,2833,0,no
18929.0,0,0,15,0,30,2657,0,no
36038.0,1,0,82,0,39,2553,0,no
20180.0,0,0,27,0,44,2653,0,no
34230.0,1,1,72,0,55,2709,0,no
31878.0,0,1,7,0,43,2166,0,no
70932.0,0,1,57,0,48,2320,0,no
91249.0,0,0,84,0,64,2776,5,yes
77598.0,0,0,53,0,77,2430,1,no
80982.0,1,1,48,1,61,2696,0,no
22701.0,1,0,2,0,43,2456,0,no
55212.0,0,1,65,0,51,2742,2,no
70617.0,0,0,45,0,50,2530,0,no
64849.0,0,0,42,0,63,2752,1,no
62694.0,1,1,29,0,55,2536,0,no
61917.0,1,1,83,0,46,2380,0,no
67472.0,0,1,93,0,73,2433,0,no
21059.0,1,0,40,0,38,2332,0,no
29543.0,2,0,47,0,52,2248,0,no
75903.0,0,1,50,0,69,2606,0,no
34984.0,1,1,40,0,45,2820,0,no
54998.0,0,1,3,0,64,2635,0,no
54356.0,0,1,62,0,71,2746,1,no
34242.0,0,1,25,0,61,2257,0,no
25410.0,1,0,48,0,47,2461,0,no
73356.0,0,0,56,0,36,2302,0,no
28320.0,0,1,68,0,70,2690,0,no
23763.0,1,0,64,0,43,2850,0,no
72570.0,0,0,67,0,36,2224,0,no
34529.0,1,0,94,0,44,2812,0,no
70792.0,0,0,82,0,69,2667,0,no
63211.0,0,0,3,0,38,2763,1,no
83891.0,0,1,24,0,46,2168,0,no
36065.0,1,1,54,0,52,2614,0,no
39898.0,0,1,20,0,66,2661,0,no
51141.0,0,0,96,0,80,2515,0,no
56939.0,0,1,19,0,44,2443,0,no
80872.0,0,0,60,0,69,2207,0,no
72335.0,0,0,2,0,44,2844,1,no
61798.0,0,0,13,0,56,2377,0,no
76842.0,0,0,37,0,70,2216,0,no
29478.0,1,0,59,0,44,2322,0,no
46998.0,0,1,55,0,64,2774,1,no
96843.0,0,0,60,0,30,2591,0,no
56551.0,1,1,48,0,70,2212,0,no
70053.0,0,1,38,0,55,2520,0,no
71670.0,0,0,8,0,58,2514,4,yes
44359.0,1,1,19,0,42,2171,0,no
40887.0,1,1,32,0,68,2578,0,no
48877.0,0,1,27,0,54,2334,0,no
74485.0,0,0,58,0,73,2468,0,no
64474.0,0,1,59,0,48,2409,0,no
77226.0,0,1,29,0,57,2280,0,no
72643.0,0,0,60,0,71,2646,2,no
85738.0,0,0,41,0,42,2316,0,no
55686.0,0,1,27,0,54,2659,0,no
39062.0,1,0,28,0,37,2255,0,no
34600.0,1,1,8,0,49,2703,1,no
40794.0,0,1,18,0,45,2607,0,no
54690.0,1,1,76,0,49,2393,0,no
4428.0,0,1,0,0,51,2426,0,no
32632.0,0,0,32,0,57,2855,0,no
38236.0,1,1,2,0,52,2441,0,no
36781.0,1,0,16,0,41,2239,1,no
31385.0,1,0,56,0,36,2730,2,no
24570.0,1,0,97,0,36,2646,0,no
25509.0,1,0,15,0,46,2808,1,no
94642.0,0,0,35,0,69,2296,2,no
58646.0,0,1,3,0,58,2543,0,no
53201.0,1,1,49,0,45,2661,0,no
21994.0,0,1,4,0,63,2711,0,no
57113.0,1,1,45,0,42,2667,0,no
51373.0,0,0,37,0,29,2531,0,no
23477.0,1,0,39,0,34,2410,0,no
58116.0,0,1,38,0,64,2236,0,no
72968.0,0,0,8,0,57,2354,2,no
39791.0,0,1,89,0,49,2617,0,no
91712.0,0,0,47,0,73,2414,2,no
94472.0,0,1,75,0,62,2246,0,no
13672.0,1,1,86,0,60,2597,0,no
96547.0,0,0,4,0,40,2196,4,yes
79205.0,0,0,73,0,45,2828,2,no
56559.0,0,1,46,0,45,2710,0,no
32644.0,1,0,38,0,47,2688,1,no
67506.0,0,1,73,0,40,2337,0,no
24206.0,1,0,66,0,50,2637,0,no
28420.0,1,0,36,0,53,2346,0,no
22979.0,1,0,29,0,50,2820,1,no
33279.0,0,0,29,0,54,2176,0,no
46423.0,1,1,6,0,48,2443,0,no
30368.0,0,1,97,0,43,2393,0,no
63684.0,0,1,61,0,50,2739,0,no
41638.0,0,1,68,0,56,2660,0,no
68805.0,0,1,73,0,61,2444,0,no
65814.0,0,1,90,0,54,2278,0,no
71964.0,0,0,81,0,62,2564,0,no
39146.0,1,0,1,0,34,2659,0,no
96876.0,0,0,79,0,43,2486,0,no
34445.0,0,0,92,0,39,2677,0,no
68281.0,0,0,31,0,62,2850,1,no
37284.0,1,1,46,0,45,2616,0,no
36790.0,0,0,14,0,37,2644,1,no
27943.0,1,1,89,0,53,2599,0,no
22263.0,1,1,31,1,69,2250,0,no
30261.0,1,2,75,0,48,2801,0,no
28587.0,1,0,42,0,42,2296,0,no
43815.0,1,0,53,0,38,2609,0,no
48195.0,1,1,53,0,64,2318,0,no
77027.0,0,1,23,0,68,2303,0,no
71322.0,0,1,57,0,55,2657,0,no
32765.0,1,0,49,0,41,2285,0,no
29672.0,1,1,6,0,55,2633,0,no
23272.0,0,0,29,0,67,2414,0,no
49912.0,0,1,5,0,71,2819,2,no
7500.0,1,0,98,0,35,2856,0,no
68117.0,0,1,80,0,73,2635,2,no
67225.0,0,1,4,0,65,2374,0,no
17649.0,1,0,70,0,44,2388,0,no
55914.0,0,1,32,0,45,2585,0,no
40059.0,1,0,82,0,36,2433,0,no
60905.0,0,1,27,0,70,2365,0,no
75330.0,1,1,94,0,43,2792,0,no
60689.0,0,1,23,0,69,2552,0,no
38680.0,1,0,97,0,36,2617,0,no
61416.0,0,0,25,0,38,2665,1,no
49767.0,0,0,92,0,29,2582,0,no
83273.0,1,2,98,0,50,2801,0,no
29009.0,1,0,19,0,39,2371,0,no
45057.0,1,0,80,0,41,2369,0,no
37150.0,1,0,80,0,49,2815,0,no
43020.0,1,0,79,0,50,2370,0,no
53154.0,0,1,50,0,61,2179,0,no
65308.0,0,0,60,0,47,2450,2,no
76467.0,1,0,44,0,50,2840,1,no
81044.0,0,0,0,0,73,2343,0,no
32871.0,1,1,28,0,69,2636,0,no
55801.0,1,1,35,0,45,2439,1,no
76320.0,0,1,49,0,61,2166,0,no
36927.0,1,1,46,0,65,2186,0,no
48794.0,1,1,97,0,67,2162,0,no
23478.0,0,0,51,0,55,2626,0,no
71128.0,1,0,80,0,47,2790,0,no
70179.0,0,1,10,0,44,2502,0,no
59462.0,0,1,29,0,70,2699,0,no
38361.0,1,0,74,0,51,2343,0,no
70038.0,0,0,54,0,38,2406,0,no
42554.0,1,1,93,0,42,2692,0,no
67445.0,0,1,63,0,46,2845,0,no
67046.0,0,1,92,0,69,2698,0,no
42192.0,0,0,40,0,72,2455,0,no
77610.0,0,1,70,0,68,2767,0,no
31761.0,1,0,96,0,36,2244,0,no
34350.0,1,0,81,0,41,2412,0,no
54591.0,0,1,63,0,71,2487,0,no
71866.0,0,1,85,0,64,2345,0,no
25293.0,1,0,51,0,51,2446,0,no
42000.0,0,0,23,0,33,2694,1,no
69520.0,0,0,95,0,37,2516,0,no
64713.0,1,0,11,0,50,2301,1,no
27889.0,1,0,42,0,43,2518,0,no
22123.0,0,0,77,0,60,2253,0,no
27803.0,1,0,40,0,47,2831,0,no
51651.0,0,1,32,0,60,2758,0,no
68487.0,0,0,48,0,32,2691,0,no
56796.0,0,1,24,0,51,2657,0,no
87000.0,0,0,61,0,28,2720,0,no
79823.0,0,1,6,0,61,2249,1,no
30828.0,1,0,16,0,40,2427,0,no
34109.0,0,1,39,0,49,2394,0,no
53367.0,1,1,2,0,46,2461,0,no
22390.0,0,0,49,0,51,2410,0,no
71322.0,0,1,31,0,44,2217,0,no
79244.0,0,0,58,0,27,2716,0,no
49912.0,0,1,5,0,71,2819,2,no
48699.0,1,1,90,0,70,2563,0,no
80144.0,0,0,47,0,45,2431,0,no
54252.0,1,1,25,0,64,2556,0,no
81929.0,1,0,60,0,44,2797,0,no
76068.0,0,1,67,0,45,2736,0,no
53204.0,1,1,40,0,44,2260,0,no
67911.0,0,1,63,0,71,2197,0,no
14796.0,1,0,1,0,36,2809,0,no
78128.0,0,1,89,0,46,2289,2,no
14188.0,0,0,40,0,48,2645,0,no
20425.0,1,0,5,0,34,2767,0,no
58646.0,0,1,3,0,58,2543,0,no
72967.0,0,1,1,0,50,2720,0,no
48150.0,0,1,24,0,71,2545,0,no
82332.0,0,0,89,0,59,2809,2,no
58275.0,1,1,48,0,65,2551,0,no
44953.0,0,0,31,0,39,2714,1,no
34587.0,1,1,68,0,67,2203,0,no
43018.0,0,1,46,0,46,2399,0,no
45736.0,0,1,92,0,66,2499,0,no
66476.0,0,1,80,0,51,2366,0,no
27733.0,1,0,16,0,39,2466,0,no
69805.0,0,1,50,0,68,2318,0,no
72217.0,0,0,93,0,58,2604,0,no
25818.0,1,0,51,0,49,2778,0,no
37509.0,1,0,24,0,44,2814,0,no
25176.0,1,1,79,0,44,2482,0,no
43586.0,0,1,26,0,40,2827,0,no
53230.0,0,1,86,0,64,2854,0,no
50116.0,1,1,68,0,63,2168,1,no
84906.0,0,0,98,0,48,2427,3,yes
61286.0,0,1,34,0,54,2490,0,no
82333.0,0,0,60,0,34,2615,0,no
65220.0,0,0,3,0,55,2823,1,no
33590.0,2,1,65,0,46,2397,0,no
30992.0,1,0,83,0,44,2592,0,no
72309.0,0,0,64,0,44,2634,2,no
16005.0,1,0,69,0,40,2843,0,no
65487.0,0,0,48,0,63,2329,0,no
58692.0,0,1,21,0,55,2243,0,no
40590.0,1,1,30,0,51,2429,1,no
20587.0,1,0,39,0,50,2208,0,no
62637.0,0,1,76,0,66,2279,0,no
29435.0,1,1,11,0,54,2851,1,no
19346.0,1,0,26,0,46,2309,0,no
35788.0,1,1,34,0,49,2316,0,no
36997.0,1,1,72,0,52,2672,0,no
23539.0,0,0,13,0,63,2280,0,no
65333.0,0,1,58,0,47,2322,2,no
78499.0,0,0,12,0,63,2377,0,no
29732.0,1,0,23,0,49,2255,0,no
41275.0,1,2,33,0,60,2256,0,no
63516.0,1,1,30,0,47,2517,0,no
42769.0,0,1,15,0,58,2419,0,no
49572.0,1,1,25,0,62,2355,0,no
69209.0,0,0,4,0,48,2809,1,no
17148.0,1,0,80,0,44,2311,0,no
40590.0,1,1,30,0,51,2429,1,no
30560.0,1,0,6,0,44,2526,0,no
32146.0,1,0,16,0,37,2207,0,no
41713.0,1,1,57,0,56,2220,0,no
34176.0,0,1,9,0,45,2317,0,no
58482.0,0,1,59,0,65,2268,0,no
59686.0,0,1,78,0,55,2314,0,no
60896.0,0,1,90,0,56,2785,0,no
62994.0,1,0,74,0,40,2276,0,no
47320.0,0,1,10,0,63,2491,0,no
74859.0,0,0,63,0,71,2550,0,no
15253.0,1,0,13,0,28,2403,0,no
31560.0,1,0,98,0,46,2529,0,no
72071.0,0,1,4,0,66,2659,0,no
91172.0,0,0,94,0,30,2618,5,yes
90000.0,0,0,91,0,36,2347,3,yes
41967.0,1,1,66,0,39,2377,0,no
69263.0,0,1,14,0,55,2275,1,no
65706.0,0,0,77,0,50,2525,4,yes
60934.0,0,1,41,0,45,2322,0,no
71965.0,0,1,21,0,69,2494,0,no
65210.0,0,1,25,0,65,2270,2,no
79174.0,0,0,2,0,45,2693,3,yes
81380.0,0,0,51,0,53,2713,0,no
48432.0,0,1,3,0,47,2778,1,no
52914.0,0,1,32,0,49,2697,1,no
38946.0,0,1,84,0,65,2407,0,no
26067.0,1,0,49,0,46,2396,0,no
44325.0,0,1,69,0,48,2638,1,no
42523.0,0,0,96,0,56,2226,0,no
26487.0,1,0,23,0,42,2564,0,no
53233.0,0,1,18,0,63,2262,0,no
67716.0,0,1,8,0,60,2694,1,no
76234.0,0,1,21,0,48,2302,1,no
84117.0,0,0,60,0,64,2208,1,no
65487.0,0,0,48,0,63,2329,0,no
25224.0,1,0,36,0,48,2264,0,no
89616.0,0,0,36,0,37,2648,1,no
40851.0,1,1,63,0,49,2652,0,no
27469.0,0,0,2,0,73,2855,0,no
82347.0,0,0,38,0,63,2759,2,no
73803.0,0,1,61,0,63,2856,2,no
8820.0,1,1,52,0,68,2623,0,no
43322.0,0,0,25,0,46,2228,0,no
55593.0,0,1,63,0,47,2471,0,no
50501.0,1,1,10,0,66,2535,2,no
37085.0,1,1,65,0,45,2162,0,no
16185.0,1,0,71,0,30,2487,0,no
57731.0,0,1,0,0,51,2742,0,no
48432.0,0,1,3,0,47,2778,1,no
73807.0,0,1,88,0,42,2702,0,no
18929.0,0,0,15,0,30,2657,0,no
35893.0,1,1,80,0,52,2781,0,no
61014.0,0,1,17,0,40,2846,0,no
32144.0,1,1,76,0,66,2257,0,no
14918.0,0,1,52,0,57,2728,0,no
45146.0,1,1,28,0,57,2508,0,no
41769.0,0,1,31,0,65,2660,0,no
88325.0,0,0,42,0,39,2303,0,no
38054.0,1,1,24,0,70,2218,0,no
80617.0,0,0,42,0,25,2784,0,no
5305.0,0,1,12,0,44,2493,0,no
36807.0,1,1,88,0,66,2715,0,no
28427.0,1,0,67,0,37,2624,0,no
82032.0,0,0,54,0,72,2244,0,no
22775.0,1,0,40,0,42,2534,0,no
40101.0,1,0,73,0,35,2782,0,no
58025.0,0,1,81,0,41,2374,0,no
75777.0,0,0,12,0,38,2519,3,yes
7500.0,1,0,7,0,41,2577,0,no
33562.0,1,2,33,0,57,2163,0,no
57642.0,0,1,24,0,50,2330,1,no
58554.0,1,1,55,0,52,2800,0,no
63777.0,1,1,87,0,41,2621,0,no
57967.0,0,1,39,0,58,2642,0,no
24434.0,2,0,9,0,48,2201,0,no
11012.0,1,0,82,0,36,2629,1,no
44802.0,0,0,71,0,50,2836,0,no
26816.0,0,0,50,0,34,2840,0,no
34421.0,1,0,81,0,46,2522,0,no
61223.0,0,1,46,0,53,2540,0,no
64014.0,2,1,56,0,74,2178,1,no
56981.0,0,0,91,0,39,2314,1,no
69245.0,0,1,8,0,64,2315,0,no
52869.0,1,1,40,0,66,2781,1,no
