index,Complain,Response,Age,Customer_Days,marital_Divorced,marital_Married,marital_Single,marital_Together,marital_Widow,education_2n Cycle,education_Basic,education_Graduation,education_Master,education_PhD
0,0,1,63,2822,0,0,1,0,0,0,0,1,0,0
1,0,0,66,2272,0,0,1,0,0,0,0,1,0,0
2,0,0,55,2471,0,0,0,1,0,0,0,1,0,0
3,0,0,36,2298,0,0,0,1,0,0,0,1,0,0
4,0,0,39,2320,0,1,0,0,0,0,0,0,0,1
5,0,0,53,2452,0,0,0,1,0,0,0,0,1,0
6,0,0,49,2752,1,0,0,0,0,0,0,1,0,0
7,0,0,35,2576,0,1,0,0,0,0,0,0,0,1
8,0,1,46,2547,0,0,0,1,0,0,0,0,0,1
9,0,0,70,2267,0,0,0,1,0,0,0,0,0,1
10,0,0,44,2752,0,1,0,0,0,0,1,0,0,0
11,0,0,61,2385,1,0,0,0,0,0,0,1,0,0
12,0,0,68,2385,1,0,0,0,0,0,0,0,1,0
13,0,0,33,2786,0,1,0,0,0,0,0,1,0,0
14,0,1,74,2741,0,0,1,0,0,0,0,0,0,1
15,0,0,40,2711,0,1,0,0,0,0,0,1,0,0
16,0,0,74,2826,0,0,0,1,0,0,0,1,0,0
17,0,0,71,2617,0,1,0,0,0,0,0,0,1,0
18,0,0,35,2762,0,0,1,0,0,1,0,0,0,0
19,0,0,38,2849,0,1,0,0,0,0,0,1,0,0
20,0,0,41,2698,0,1,0,0,0,0,0,1,0,0
21,0,0,71,2712,0,1,0,0,0,0,0,0,0,1
22,0,0,66,2328,0,1,0,0,0,0,0,0,0,1
23,0,0,69,2627,0,0,0,1,0,0,0,1,0,0
24,0,0,51,2702,0,0,1,0,0,0,0,1,0,0
25,0,0,44,2557,0,1,0,0,0,0,0,1,0,0
26,0,0,31,2553,0,1,0,0,0,0,0,1,0,0
27,0,0,55,2378,0,1,0,0,0,0,0,0,0,1
28,0,0,31,2197,1,0,0,0,0,0,0,0,1,0
29,0,0,57,2573,0,0,0,1,0,0,0,0,1,0
30,0,0,50,2786,0,0,0,1,0,0,0,1,0,0
31,0,1,68,2767,1,0,0,0,0,0,0,0,0,1
32,0,0,74,2653,0,1,0,0,0,0,0,0,1,0
33,0,0,69,2463,0,0,1,0,0,0,0,0,1,0
34,0,0,50,2339,0,1,0,0,0,0,0,0,0,1
35,0,0,44,2459,0,1,0,0,0,1,0,0,0,0
36,0,0,47,2297,0,0,0,0,1,0,0,1,0,0
37,0,1,77,2672,1,0,0,0,0,0,0,0,0,1
38,0,0,40,2585,0,1,0,0,0,0,0,1,0,0
39,0,0,35,2633,0,1,0,0,0,0,0,0,1,0
40,0,0,63,2711,0,0,0,1,0,0,0,1,0,0
41,0,0,45,2429,0,1,0,0,0,0,0,0,1,0
42,0,0,44,2160,0,0,1,0,0,0,0,1,0,0
43,0,1,24,2756,0,1,0,0,0,1,0,0,0,0
44,0,0,52,2560,0,0,0,1,0,0,0,1,0,0
45,0,0,66,2757,0,1,0,0,0,0,0,0,0,1
46,0,0,63,2207,0,0,0,0,1,0,0,1,0,0
47,0,0,56,2846,0,1,0,0,0,0,0,0,1,0
48,0,0,43,2702,0,0,1,0,0,0,0,1,0,0
49,0,1,43,2181,1,0,0,0,0,0,0,1,0,0
50,0,0,42,2541,0,1,0,0,0,0,0,1,0,0
51,0,1,65,2746,0,0,0,1,0,0,0,0,1,0
52,0,1,54,2612,1,0,0,0,0,0,0,1,0,0
53,0,0,32,2221,0,0,1,0,0,0,0,1,0,0
54,0,0,52,2277,0,1,0,0,0,0,0,0,0,1
55,0,1,38,2519,0,0,1,0,0,0,0,0,1,0
56,0,0,45,2819,0,0,0,1,0,0,0,1,0,0
57,0,0,68,2655,0,0,1,0,0,0,0,1,0,0
58,0,0,69,2542,0,0,0,0,1,0,0,0,0,1
59,0,0,72,2364,0,0,0,1,0,0,0,1,0,0
60,0,1,49,2563,0,1,0,0,0,0,0,1,0,0
61,0,0,53,2208,0,0,0,1,0,0,0,1,0,0
62,0,1,41,2261,0,0,1,0,0,1,0,0,0,0
63,0,0,62,2434,0,0,0,1,0,0,0,1,0,0
64,0,0,50,2606,0,0,0,1,0,0,0,1,0,0
65,0,0,66,2815,0,1,0,0,0,0,0,0,1,0
66,0,0,61,2628,0,1,0,0,0,0,0,1,0,0
67,0,0,45,2609,0,1,0,0,0,0,0,0,0,1
68,0,0,68,2219,0,1,0,0,0,0,0,1,0,0
69,0,0,43,2716,1,0,0,0,0,0,0,1,0,0
70,0,1,48,2830,0,1,0,0,0,0,0,0,1,0
71,0,1,44,2784,0,0,1,0,0,0,0,1,0,0
72,1,0,44,2457,0,0,0,1,0,1,0,0,0,0
73,0,1,55,2702,0,0,0,1,0,0,0,1,0,0
74,0,0,35,2828,0,0,1,0,0,0,0,1,0,0
75,0,0,51,2530,0,1,0,0,0,0,0,1,0,0
76,0,0,47,2520,0,1,0,0,0,1,0,0,0,0
77,0,0,57,2573,0,0,0,1,0,0,0,0,1,0
78,0,0,33,2283,1,0,0,0,0,0,0,1,0,0
79,0,0,60,2481,0,1,0,0,0,0,0,1,0,0
80,0,0,50,2507,0,1,0,0,0,0,0,0,1,0
81,0,1,63,2191,0,0,1,0,0,0,0,1,0,0
82,0,0,47,2207,0,1,0,0,0,0,0,1,0,0
83,0,0,53,2318,0,0,0,1,0,0,0,1,0,0
84,0,0,48,2257,0,0,1,0,0,0,0,0,1,0
85,0,0,50,2195,0,1,0,0,0,0,0,0,0,1
86,0,0,37,2197,0,1,0,0,0,0,0,1,0,0
87,0,0,60,2743,0,0,0,0,1,0,0,1,0,0
88,0,0,48,2603,1,0,0,0,0,0,0,1,0,0
89,0,0,69,2369,0,1,0,0,0,1,0,0,0,0
90,0,0,37,2533,0,1,0,0,0,0,0,0,0,1
91,0,0,60,2500,0,0,1,0,0,1,0,0,0,0
92,0,0,61,2250,0,0,1,0,0,0,0,0,0,1
93,0,0,41,2594,0,0,0,1,0,0,0,1,0,0
94,0,0,75,2567,0,1,0,0,0,0,0,0,0,1
95,0,1,61,2211,0,1,0,0,0,0,0,1,0,0
96,0,0,41,2360,0,0,0,1,0,0,1,0,0,0
97,0,0,56,2437,0,1,0,0,0,0,0,1,0,0
98,0,0,51,2671,0,1,0,0,0,0,0,1,0,0
99,0,0,42,2716,0,0,1,0,0,0,0,1,0,0
100,0,0,60,2728,0,1,0,0,0,0,0,0,1,0
101,0,0,41,2398,0,0,0,1,0,0,0,1,0,0
102,0,1,29,2755,0,0,1,0,0,0,0,0,0,1
103,0,0,57,2163,0,0,0,1,0,0,0,0,1,0
104,0,1,29,2702,0,0,1,0,0,0,0,1,0,0
105,0,0,40,2723,0,1,0,0,0,0,0,0,0,1
106,0,0,58,2451,0,0,1,0,0,0,0,1,0,0
107,0,0,50,2315,0,1,0,0,0,0,0,1,0,0
108,0,0,42,2654,0,1,0,0,0,1,0,0,0,0
109,0,0,53,2512,0,0,0,1,0,1,0,0,0,0
110,0,0,51,2386,0,0,0,1,0,0,0,1,0,0
111,0,0,67,2533,0,0,0,1,0,0,0,0,1,0
112,0,1,53,2284,0,0,1,0,0,0,0,0,1,0
113,0,0,35,2457,0,1,0,0,0,0,0,0,1,0
114,0,0,44,2592,1,0,0,0,0,0,0,1,0,0
115,0,1,37,2633,0,0,1,0,0,0,0,1,0,0
116,0,0,55,2655,0,0,0,1,0,1,0,0,0,0
117,0,1,36,2593,0,0,1,0,0,0,0,1,0,0
118,0,0,67,2180,0,1,0,0,0,0,0,0,1,0
119,0,0,64,2209,0,0,0,1,0,0,0,0,0,1
120,0,0,68,2431,0,1,0,0,0,0,0,1,0,0
121,0,0,62,2635,0,0,1,0,0,0,0,0,1,0
122,0,0,51,2298,0,1,0,0,0,0,0,1,0,0
123,0,0,56,2478,0,1,0,0,0,0,0,0,0,1
124,0,0,53,2628,0,0,0,1,0,0,0,0,0,1
125,0,0,44,2849,1,0,0,0,0,0,1,0,0,0
126,0,0,61,2516,0,1,0,0,0,0,0,0,0,1
127,0,1,47,2200,0,0,1,0,0,0,0,0,0,1
128,0,0,55,2495,1,0,0,0,0,0,0,0,0,1
129,0,0,28,2777,0,0,1,0,0,0,0,0,1,0
130,0,1,44,2386,0,0,0,1,0,0,0,0,1,0
131,0,0,58,2595,0,1,0,0,0,0,0,1,0,0
132,0,0,46,2464,0,0,1,0,0,0,0,0,0,1
133,0,0,32,2626,0,0,0,1,0,0,0,1,0,0
134,0,0,44,2778,0,1,0,0,0,0,0,1,0,0
135,0,1,45,2768,0,1,0,0,0,0,0,1,0,0
136,1,0,39,2464,0,0,0,1,0,0,0,1,0,0
137,0,0,47,2835,0,1,0,0,0,1,0,0,0,0
138,0,0,54,2167,0,1,0,0,0,0,0,0,1,0
139,0,0,67,2225,0,1,0,0,0,0,0,0,1,0
140,0,0,51,2273,0,1,0,0,0,0,0,1,0,0
141,0,0,48,2721,0,0,0,1,0,1,0,0,0,0
142,0,0,32,2207,0,0,1,0,0,0,0,1,0,0
143,0,0,68,2787,0,0,0,1,0,0,0,0,0,1
144,0,1,71,2654,0,0,0,1,0,0,0,1,0,0
145,0,0,62,2515,0,0,1,0,0,0,0,1,0,0
146,0,0,42,2449,0,0,1,0,0,0,0,1,0,0
147,0,0,43,2414,0,0,0,1,0,0,0,1,0,0
148,0,0,65,2472,0,0,1,0,0,0,0,1,0,0
149,0,0,62,2522,0,0,1,0,0,0,0,0,1,0
150,0,0,75,2760,0,1,0,0,0,0,0,0,0,1
151,0,0,36,2334,0,1,0,0,0,0,0,1,0,0
152,0,0,45,2583,1,0,0,0,0,0,0,0,0,1
153,0,0,54,2387,0,0,0,1,0,0,0,1,0,0
154,0,0,67,2382,1,0,0,0,0,0,0,1,0,0
155,0,0,61,2464,1,0,0,0,0,0,0,1,0,0
156,0,0,32,2398,0,0,1,0,0,0,0,1,0,0
157,0,0,63,2283,0,0,0,1,0,0,0,1,0,0
158,0,0,55,2228,0,0,0,1,0,0,0,1,0,0
159,0,0,38,2510,0,1,0,0,0,0,0,1,0,0
160,0,0,50,2228,0,1,0,0,0,0,0,1,0,0
161,0,0,61,2309,0,0,0,1,0,0,0,0,0,1
162,0,0,53,2245,0,0,1,0,0,0,0,1,0,0
163,0,0,45,2814,0,1,0,0,0,0,0,0,0,1
164,0,1,72,2719,0,1,0,0,0,0,0,0,0,1
165,0,0,50,2196,0,1,0,0,0,0,0,0,0,1
166,0,0,61,2164,0,0,0,1,0,0,0,1,0,0
167,0,0,69,2369,0,1,0,0,0,1,0,0,0,0
168,0,0,44,2208,0,1,0,0,0,0,0,0,0,1
169,0,0,32,2209,0,1,0,0,0,1,0,0,0,0
170,0,0,74,2433,0,1,0,0,0,0,0,0,1,0
171,0,0,36,2317,0,1,0,0,0,0,0,0,1,0
172,0,0,59,2173,0,1,0,0,0,0,1,0,0,0
173,0,0,37,2730,0,1,0,0,0,0,0,1,0,0
174,0,0,50,2272,0,0,1,0,0,0,0,0,0,1
175,0,0,54,2490,0,1,0,0,0,0,0,1,0,0
176,0,0,44,2626,0,1,0,0,0,0,0,1,0,0
177,0,0,56,2650,0,1,0,0,0,0,0,0,0,1
178,0,0,42,2817,0,0,0,1,0,0,1,0,0,0
179,0,0,31,2567,0,0,0,1,0,0,0,0,0,1
180,0,0,32,2554,0,1,0,0,0,0,0,1,0,0
181,0,0,47,2655,0,1,0,0,0,0,0,1,0,0
182,0,0,43,2341,0,1,0,0,0,0,0,1,0,0
183,0,0,40,2206,0,1,0,0,0,0,0,0,1,0
184,0,0,66,2442,0,1,0,0,0,0,0,1,0,0
185,0,0,66,2687,0,1,0,0,0,0,0,1,0,0
186,0,1,47,2249,0,0,1,0,0,0,0,0,0,1
187,0,0,68,2159,1,0,0,0,0,0,0,1,0,0
188,0,0,52,2361,0,0,1,0,0,0,0,1,0,0
189,0,0,42,2417,1,0,0,0,0,0,0,1,0,0
190,0,1,43,2763,0,0,0,1,0,0,0,0,0,1
191,0,0,55,2506,0,0,1,0,0,0,0,0,0,1
192,0,1,36,2755,0,0,1,0,0,0,0,0,1,0
193,0,0,32,2362,0,0,0,1,0,0,0,1,0,0
194,0,0,57,2571,1,0,0,0,0,0,0,0,1,0
195,0,0,54,2180,0,1,0,0,0,0,0,1,0,0
196,0,1,66,2816,1,0,0,0,0,0,0,1,0,0
197,0,0,64,2614,0,0,0,1,0,0,0,1,0,0
198,0,0,66,2262,0,0,0,1,0,0,0,1,0,0
199,0,0,52,2791,0,1,0,0,0,0,0,0,0,1
200,0,0,46,2683,0,0,0,1,0,0,0,0,1,0
201,0,0,35,2580,0,1,0,0,0,0,0,1,0,0
202,0,0,43,2248,0,1,0,0,0,0,0,1,0,0
203,0,0,42,2207,0,0,1,0,0,1,0,0,0,0
204,0,0,72,2385,0,1,0,0,0,0,0,0,1,0
205,0,0,66,2461,0,0,0,0,1,0,0,0,1,0
206,0,0,40,2751,0,0,0,1,0,0,0,1,0,0
207,0,0,32,2238,0,0,0,1,0,1,0,0,0,0
208,0,0,51,2386,0,1,0,0,0,0,0,1,0,0
209,0,0,50,2235,0,0,0,1,0,0,0,0,0,1
210,0,0,40,2699,0,1,0,0,0,0,0,0,0,1
211,0,0,58,2818,1,0,0,0,0,0,0,1,0,0
212,0,0,42,2619,0,0,0,1,0,0,0,1,0,0
213,0,0,44,2771,0,0,0,1,0,0,0,1,0,0
214,0,0,68,2726,1,0,0,0,0,0,0,1,0,0
215,0,0,48,2849,0,1,0,0,0,0,0,0,0,1
216,0,0,34,2292,0,0,0,1,0,0,0,0,0,1
217,0,1,54,2625,0,0,1,0,0,0,0,1,0,0
218,0,0,58,2699,1,0,0,0,0,1,0,0,0,0
219,0,0,49,2569,0,0,0,1,0,0,0,1,0,0
220,0,0,69,2233,0,0,1,0,0,0,0,1,0,0
221,0,0,55,2622,0,1,0,0,0,0,0,0,0,1
222,0,0,45,2361,0,1,0,0,0,1,0,0,0,0
223,0,0,38,2366,0,0,0,1,0,0,0,0,1,0
224,0,0,62,2427,0,0,1,0,0,0,0,0,0,1
225,0,0,47,2344,0,0,1,0,0,0,0,1,0,0
226,0,0,52,2403,0,0,0,0,1,0,0,1,0,0
227,0,0,62,2712,0,0,0,1,0,0,0,1,0,0
228,0,0,49,2492,0,0,1,0,0,0,0,1,0,0
229,0,1,30,2372,0,1,0,0,0,0,0,1,0,0
230,0,0,62,2840,0,1,0,0,0,0,0,1,0,0
231,0,0,56,2183,0,1,0,0,0,0,0,0,0,1
232,0,1,48,2564,0,1,0,0,0,0,0,1,0,0
233,0,0,67,2695,0,1,0,0,0,0,0,1,0,0
234,0,0,32,2826,0,1,0,0,0,0,0,0,0,1
235,0,0,51,2767,0,0,0,1,0,0,0,0,1,0
236,0,0,45,2445,0,0,1,0,0,0,0,0,1,0
237,0,0,35,2404,0,0,1,0,0,0,0,1,0,0
238,0,1,46,2609,1,0,0,0,0,0,0,1,0,0
239,0,0,62,2804,0,0,0,1,0,1,0,0,0,0
240,0,0,53,2828,0,0,0,1,0,0,0,1,0,0
241,0,0,46,2783,0,0,1,0,0,0,0,0,0,1
242,0,0,59,2780,0,0,0,1,0,0,0,0,0,1
243,0,0,56,2774,0,0,1,0,0,0,0,1,0,0
244,0,0,56,2549,0,0,1,0,0,0,0,1,0,0
245,0,0,63,2362,0,0,1,0,0,0,0,0,0,1
246,0,1,41,2786,1,0,0,0,0,0,0,1,0,0
247,0,0,52,2562,1,0,0,0,0,0,0,0,0,1
248,0,0,50,2171,0,1,0,0,0,0,0,0,1,0
249,0,0,42,2742,0,1,0,0,0,0,0,0,0,1
250,0,1,68,2670,0,0,0,1,0,0,0,0,1,0
251,0,0,54,2631,0,1,0,0,0,0,0,0,1,0
252,0,0,57,2162,0,1,0,0,0,0,0,1,0,0
253,0,1,50,2781,0,1,0,0,0,0,0,0,0,1
254,0,0,50,2534,0,1,0,0,0,0,0,1,0,0
255,0,0,50,2427,0,0,0,1,0,0,0,1,0,0
256,0,1,67,2804,0,0,1,0,0,0,0,1,0,0
257,1,0,37,2260,0,0,1,0,0,0,0,0,1,0
258,0,0,45,2304,0,0,0,1,0,0,0,0,0,1
259,0,0,60,2243,0,1,0,0,0,0,0,1,0,0
260,0,0,57,2667,1,0,0,0,0,0,0,1,0,0
261,0,0,57,2445,0,0,0,1,0,0,0,0,0,1
262,0,1,64,2687,0,0,1,0,0,0,0,1,0,0
263,0,0,39,2219,0,0,0,1,0,0,0,0,1,0
264,0,1,34,2612,0,0,1,0,0,0,0,0,0,1
265,0,0,52,2593,1,0,0,0,0,0,0,0,1,0
266,0,0,39,2662,0,1,0,0,0,0,1,0,0,0
267,0,0,44,2771,0,0,0,1,0,0,0,1,0,0
268,0,0,74,2826,0,0,0,1,0,0,0,1,0,0
269,0,0,46,2279,0,0,0,1,0,0,0,0,0,1
270,0,0,45,2232,0,1,0,0,0,0,0,0,1,0
271,0,0,46,2511,0,1,0,0,0,0,0,1,0,0
272,0,0,68,2675,0,0,0,1,0,0,0,1,0,0
273,0,0,64,2696,0,0,0,1,0,0,0,0,1,0
274,0,0,54,2207,0,0,0,0,1,0,0,1,0,0
275,0,0,71,2540,1,0,0,0,0,0,0,0,1,0
276,0,0,36,2519,0,0,0,1,0,1,0,0,0,0
277,0,0,51,2343,0,0,0,1,0,0,0,1,0,0
278,0,0,40,2765,0,1,0,0,0,0,0,1,0,0
279,0,0,49,2324,0,0,0,1,0,0,0,1,0,0
280,0,0,55,2633,0,0,0,1,0,0,0,1,0,0
281,0,0,68,2834,0,0,0,1,0,0,0,0,1,0
282,0,0,32,2638,1,0,0,0,0,1,0,0,0,0
283,0,0,34,2691,0,0,0,1,0,0,0,0,1,0
284,0,0,38,2692,0,0,1,0,0,0,0,1,0,0
285,0,0,55,2263,1,0,0,0,0,0,0,0,0,1
286,0,0,62,2233,1,0,0,0,0,0,0,1,0,0
287,0,0,64,2419,0,0,0,1,0,1,0,0,0,0
288,0,0,42,2279,0,1,0,0,0,0,0,0,0,1
289,0,0,32,2236,0,0,1,0,0,0,0,1,0,0
290,0,0,36,2343,0,0,0,1,0,0,0,1,0,0
291,0,0,59,2617,0,1,0,0,0,0,0,0,1,0
292,0,1,54,2808,0,0,0,0,1,0,0,1,0,0
293,0,0,73,2275,0,0,1,0,0,0,0,1,0,0
294,0,0,56,2451,0,1,0,0,0,0,0,0,1,0
295,0,0,28,2587,0,0,0,1,0,0,0,0,1,0
296,0,0,44,2321,1,0,0,0,0,0,0,1,0,0
297,0,0,53,2403,0,1,0,0,0,0,0,1,0,0
298,0,0,44,2667,0,0,1,0,0,0,0,0,1,0
299,0,0,54,2353,0,1,0,0,0,0,0,1,0,0
300,0,0,64,2269,0,0,0,1,0,0,0,0,1,0
301,0,0,48,2494,0,1,0,0,0,0,0,1,0,0
302,0,0,35,2843,0,0,1,0,0,0,0,1,0,0
303,0,0,69,2507,0,1,0,0,0,0,0,1,0,0
304,0,0,49,2687,0,1,0,0,0,0,0,1,0,0
305,0,0,46,2522,0,1,0,0,0,0,0,1,0,0
306,0,0,55,2299,1,0,0,0,0,0,0,0,0,1
307,0,0,59,2666,1,0,0,0,0,0,0,0,0,1
308,0,0,67,2693,0,0,1,0,0,0,0,1,0,0
309,0,0,63,2518,0,1,0,0,0,0,0,1,0,0
310,0,0,44,2521,1,0,0,0,0,0,0,0,0,1
311,0,0,36,2393,0,1,0,0,0,0,0,1,0,0
312,0,0,70,2575,0,1,0,0,0,0,0,0,0,1
313,0,0,34,2660,0,0,1,0,0,0,0,0,0,1
314,0,0,37,2598,0,0,1,0,0,0,0,1,0,0
315,0,0,31,2450,0,0,1,0,0,0,0,0,0,1
316,0,1,64,2611,0,1,0,0,0,0,0,0,0,1
317,0,1,49,2694,0,1,0,0,0,0,0,0,1,0
318,0,0,37,2523,0,0,0,1,0,0,0,1,0,0
319,0,0,60,2814,1,0,0,0,0,0,0,1,0,0
320,0,1,52,2729,1,0,0,0,0,0,0,1,0,0
321,0,0,48,2753,0,1,0,0,0,0,0,1,0,0
322,0,1,55,2642,0,0,0,1,0,0,0,1,0,0
323,0,0,32,2847,0,0,1,0,0,0,0,1,0,0
324,0,0,34,2363,1,0,0,0,0,0,0,1,0,0
325,0,0,51,2742,0,1,0,0,0,0,0,0,0,1
326,0,0,70,2540,0,0,0,1,0,0,0,0,0,1
327,0,1,47,2477,0,0,0,1,0,0,1,0,0,0
328,0,0,68,2390,1,0,0,0,0,0,0,1,0,0
329,0,0,55,2530,0,1,0,0,0,0,0,1,0,0
330,0,1,50,2172,1,0,0,0,0,0,0,1,0,0
331,0,0,49,2710,0,0,0,0,1,0,0,1,0,0
332,0,0,44,2336,0,1,0,0,0,0,0,0,1,0
333,0,0,63,2353,0,1,0,0,0,0,0,1,0,0
334,0,0,34,2694,0,1,0,0,0,0,0,1,0,0
335,0,1,54,2403,0,0,1,0,0,0,0,0,0,1
336,0,0,46,2769,0,1,0,0,0,0,0,1,0,0
337,0,0,44,2713,0,0,1,0,0,0,0,0,0,1
338,1,0,42,2371,0,0,1,0,0,0,0,1,0,0
339,0,0,65,2573,0,1,0,0,0,0,0,1,0,0
340,0,0,51,2723,0,1,0,0,0,0,0,0,0,1
341,1,0,77,2472,0,1,0,0,0,0,0,0,1,0
342,0,0,72,2423,0,0,0,1,0,0,0,0,0,1
343,0,0,63,2798,0,1,0,0,0,0,0,1,0,0
344,0,0,51,2258,0,0,0,0,1,0,0,0,0,1
345,0,0,42,2284,0,1,0,0,0,0,0,1,0,0
346,0,0,42,2742,0,1,0,0,0,0,0,0,0,1
347,0,0,53,2707,0,1,0,0,0,0,0,1,0,0
348,0,0,51,2836,0,0,1,0,0,0,0,1,0,0
349,0,0,60,2567,0,1,0,0,0,0,0,1,0,0
350,0,0,44,2629,1,0,0,0,0,0,0,1,0,0
351,0,0,58,2748,0,0,0,1,0,0,0,1,0,0
352,0,0,45,2734,0,0,1,0,0,0,0,0,0,1
353,0,0,36,2227,0,1,0,0,0,1,0,0,0,0
354,0,0,45,2768,0,1,0,0,0,0,0,1,0,0
355,0,0,50,2463,0,0,1,0,0,0,0,0,1,0
356,0,0,54,2754,0,0,1,0,0,0,0,1,0,0
357,0,1,48,2531,0,0,1,0,0,0,0,0,0,1
358,0,0,45,2839,0,0,1,0,0,0,0,0,1,0
359,0,1,50,2627,0,0,1,0,0,0,0,1,0,0
360,0,0,31,2705,0,0,1,0,0,0,0,1,0,0
361,0,0,59,2429,0,0,0,1,0,0,0,0,0,1
362,0,0,51,2539,0,0,1,0,0,0,0,1,0,0
363,0,0,51,2696,0,1,0,0,0,0,0,0,0,1
364,0,0,35,2386,0,1,0,0,0,0,0,1,0,0
365,0,0,66,2723,0,0,0,0,1,0,0,1,0,0
366,0,0,47,2835,0,1,0,0,0,1,0,0,0,0
367,0,0,39,2250,0,0,1,0,0,0,0,0,1,0
368,0,0,49,2569,0,0,1,0,0,0,0,1,0,0
369,0,1,52,2415,0,0,0,1,0,0,0,0,1,0
370,0,0,60,2791,0,0,0,1,0,0,0,1,0,0
371,0,0,71,2827,0,0,0,1,0,0,0,1,0,0
372,0,0,52,2576,1,0,0,0,0,0,0,0,0,1
373,0,0,41,2336,0,0,0,1,0,0,0,1,0,0
374,0,0,41,2361,0,0,0,1,0,0,0,0,1,0
375,0,0,27,2215,0,0,1,0,0,0,0,1,0,0
376,0,0,74,2596,0,1,0,0,0,0,0,0,0,1
377,0,0,52,2283,0,1,0,0,0,0,0,0,1,0
378,0,0,29,2425,0,0,0,1,0,0,0,0,0,1
379,0,0,49,2811,0,1,0,0,0,0,0,1,0,0
380,0,1,36,2826,0,0,0,1,0,0,0,1,0,0
381,0,0,33,2711,0,0,1,0,0,0,0,1,0,0
382,0,1,40,2756,0,0,0,1,0,1,0,0,0,0
383,0,0,64,2622,1,0,0,0,0,1,0,0,0,0
384,0,0,55,2799,0,0,0,1,0,0,0,1,0,0
385,0,0,46,2477,0,0,1,0,0,0,0,1,0,0
386,0,0,60,2634,0,0,0,1,0,0,0,1,0,0
387,0,1,65,2409,0,0,1,0,0,0,0,0,0,1
388,0,0,55,2179,0,1,0,0,0,0,0,1,0,0
389,0,1,48,2827,0,0,1,0,0,0,0,0,0,1
390,0,0,49,2189,1,0,0,0,0,0,0,0,0,1
391,0,0,46,2547,0,0,0,1,0,0,0,0,0,1
392,0,0,57,2779,0,1,0,0,0,0,0,1,0,0
393,0,1,38,2748,0,0,1,0,0,1,0,0,0,0
394,0,0,44,2756,0,1,0,0,0,0,0,1,0,0
395,0,0,65,2615,0,1,0,0,0,0,0,0,0,1
396,0,0,33,2835,0,0,1,0,0,0,0,1,0,0
397,0,0,58,2681,0,0,0,1,0,0,0,1,0,0
398,0,0,77,2249,0,1,0,0,0,0,0,0,0,1
399,0,0,45,2380,0,0,0,1,0,1,0,0,0,0
400,0,0,26,2294,0,0,0,1,0,0,0,1,0,0
401,0,1,39,2651,0,0,1,0,0,0,0,1,0,0
402,0,0,49,2640,0,1,0,0,0,0,0,0,1,0
403,0,0,47,2213,0,1,0,0,0,0,0,0,0,1
404,0,0,37,2197,0,1,0,0,0,0,0,1,0,0
405,0,0,38,2183,0,0,0,1,0,0,0,0,1,0
406,0,1,46,2549,0,1,0,0,0,0,0,0,1,0
407,0,0,79,2601,0,1,0,0,0,0,0,0,0,1
408,0,0,67,2366,0,1,0,0,0,0,0,1,0,0
409,0,0,34,2225,0,1,0,0,0,0,0,1,0,0
410,0,0,31,2244,0,1,0,0,0,0,0,1,0,0
411,0,0,31,2215,0,0,0,1,0,1,0,0,0,0
412,0,0,52,2589,0,1,0,0,0,0,0,1,0,0
413,0,1,59,2575,0,0,1,0,0,0,0,0,0,1
414,0,0,31,2767,0,1,0,0,0,0,0,1,0,0
415,0,0,53,2681,0,0,0,1,0,1,0,0,0,0
416,0,0,56,2375,0,1,0,0,0,0,0,1,0,0
417,0,0,50,2306,0,0,1,0,0,0,0,1,0,0
418,0,0,64,2532,0,0,0,1,0,0,0,0,1,0
419,0,0,54,2349,1,0,0,0,0,0,0,1,0,0
420,0,0,71,2454,0,0,0,0,1,0,0,0,1,0
421,0,0,49,2470,0,1,0,0,0,0,0,0,0,1
422,0,0,34,2666,0,1,0,0,0,1,0,0,0,0
423,0,0,31,2519,0,1,0,0,0,0,0,1,0,0
424,0,0,72,2350,0,1,0,0,0,0,0,0,0,1
425,0,0,74,2486,0,1,0,0,0,0,0,1,0,0
426,0,0,31,2705,0,0,1,0,0,0,0,1,0,0
427,0,0,46,2263,0,1,0,0,0,1,0,0,0,0
428,0,0,61,2510,1,0,0,0,0,0,0,1,0,0
429,0,0,48,2422,1,0,0,0,0,0,0,0,1,0
430,0,0,56,2341,0,0,1,0,0,0,0,1,0,0
431,0,0,44,2544,0,1,0,0,0,0,0,1,0,0
432,0,0,67,2348,0,1,0,0,0,0,0,0,0,1
433,0,0,65,2582,0,0,1,0,0,0,0,1,0,0
434,0,0,51,2657,0,1,0,0,0,0,0,1,0,0
435,0,0,49,2414,0,0,1,0,0,0,0,0,1,0
436,0,0,40,2369,0,1,0,0,0,1,0,0,0,0
437,0,0,44,2819,0,1,0,0,0,0,0,1,0,0
438,0,0,48,2837,0,1,0,0,0,0,0,1,0,0
439,0,1,54,2811,0,0,1,0,0,1,0,0,0,0
440,0,1,36,2613,0,1,0,0,0,0,0,0,1,0
441,0,0,68,2194,0,1,0,0,0,0,0,1,0,0
442,0,0,38,2801,0,0,0,1,0,1,0,0,0,0
443,0,1,56,2338,0,1,0,0,0,0,0,1,0,0
444,0,0,71,2439,0,0,0,0,1,0,0,1,0,0
445,0,0,62,2311,0,0,0,0,1,0,0,0,0,1
446,0,0,57,2162,0,1,0,0,0,0,0,1,0,0
447,0,0,45,2284,0,1,0,0,0,0,0,1,0,0
448,0,0,51,2277,0,0,1,0,0,0,0,0,0,1
449,0,1,65,2591,0,0,0,1,0,0,0,0,0,1
450,0,0,50,2765,0,0,0,0,1,0,0,1,0,0
451,0,0,69,2274,0,1,0,0,0,0,0,1,0,0
452,0,0,49,2842,0,0,0,1,0,0,0,0,0,1
453,0,0,45,2618,0,1,0,0,0,0,0,1,0,0
454,0,1,40,2421,0,1,0,0,0,0,0,1,0,0
455,0,1,39,2853,0,0,0,1,0,0,0,0,0,1
456,0,0,42,2702,0,1,0,0,0,0,0,1,0,0
457,0,0,32,2201,0,0,1,0,0,0,0,1,0,0
458,0,0,64,2655,0,1,0,0,0,0,0,1,0,0
459,0,0,48,2210,0,0,1,0,0,0,0,0,0,1
460,0,0,43,2196,0,1,0,0,0,0,0,0,1,0
461,0,0,48,2773,0,1,0,0,0,0,0,0,0,1
462,0,0,43,2765,0,1,0,0,0,0,0,1,0,0
463,0,0,47,2340,0,1,0,0,0,0,0,0,1,0
464,0,0,48,2481,1,0,0,0,0,0,0,0,1,0
465,0,1,46,2838,0,0,1,0,0,0,0,1,0,0
466,0,0,45,2401,0,1,0,0,0,0,0,1,0,0
467,0,0,60,2786,0,0,0,1,0,0,0,0,1,0
468,0,1,56,2812,1,0,0,0,0,0,0,0,0,1
469,0,0,44,2386,0,0,0,1,0,0,0,0,1,0
470,0,0,46,2527,0,1,0,0,0,0,0,1,0,0
471,0,0,51,2313,0,1,0,0,0,0,0,1,0,0
472,0,0,68,2768,0,0,0,0,1,1,0,0,0,0
473,0,0,62,2802,0,0,0,1,0,0,0,0,0,1
474,0,0,44,2732,1,0,0,0,0,0,0,1,0,0
475,0,0,65,2651,0,0,0,1,0,0,0,1,0,0
476,0,0,56,2692,0,0,1,0,0,0,0,0,1,0
477,0,0,76,2373,1,0,0,0,0,0,0,0,0,1
478,0,0,58,2601,1,0,0,0,0,0,0,0,1,0
479,0,0,42,2244,1,0,0,0,0,0,0,1,0,0
480,0,0,49,2593,0,0,0,1,0,0,0,0,0,1
481,0,0,71,2197,0,0,0,1,0,0,0,0,0,1
482,0,0,76,2611,0,1,0,0,0,0,0,1,0,0
483,0,0,70,2851,0,0,0,1,0,0,0,1,0,0
484,0,0,59,2385,0,0,0,1,0,0,0,0,1,0
485,0,0,30,2706,0,1,0,0,0,0,1,0,0,0
486,0,0,35,2833,0,1,0,0,0,0,0,0,0,1
487,0,0,64,2532,0,0,0,1,0,0,0,0,1,0
488,0,0,67,2758,0,0,0,0,1,0,0,1,0,0
489,0,0,44,2368,0,1,0,0,0,0,0,1,0,0
490,0,0,31,2504,0,0,1,0,0,0,0,1,0,0
491,0,0,28,2532,0,1,0,0,0,0,0,1,0,0
492,0,0,61,2719,1,0,0,0,0,0,0,1,0,0
493,0,0,39,2559,0,0,0,1,0,0,0,0,0,1
494,0,0,41,2617,0,0,1,0,0,0,0,1,0,0
495,0,0,56,2411,0,1,0,0,0,0,0,1,0,0
496,0,0,61,2263,0,0,0,1,0,0,0,0,1,0
497,0,0,74,2573,0,0,0,1,0,0,0,0,0,1
498,0,0,45,2600,0,0,1,0,0,0,0,0,1,0
499,0,0,59,2670,0,1,0,0,0,0,0,1,0,0
500,0,0,30,2523,0,0,1,0,0,0,0,1,0,0
501,0,0,61,2469,0,0,0,1,0,0,0,1,0,0
502,0,0,76,2279,0,1,0,0,0,0,0,0,1,0
503,0,0,55,2312,1,0,0,0,0,0,0,1,0,0
504,0,0,33,2279,0,0,1,0,0,0,0,0,1,0
505,0,0,29,2476,0,1,0,0,0,0,0,1,0,0
506,0,0,67,2796,0,1,0,0,0,0,0,1,0,0
507,0,1,33,2818,0,1,0,0,0,0,0,1,0,0
508,0,0,34,2731,0,1,0,0,0,0,0,1,0,0
509,0,0,62,2373,0,0,0,1,0,0,0,0,0,1
510,0,0,43,2180,0,1,0,0,0,0,0,0,1,0
511,0,0,56,2845,0,0,1,0,0,0,0,1,0,0
512,0,0,60,2397,0,1,0,0,0,0,0,0,0,1
513,0,0,45,2658,0,0,0,0,1,1,0,0,0,0
514,0,0,51,2443,0,0,1,0,0,0,0,1,0,0
515,0,0,43,2170,0,0,0,1,0,0,0,0,1,0
516,0,0,58,2590,0,1,0,0,0,0,0,1,0,0
517,0,0,38,2536,0,0,1,0,0,0,0,1,0,0
518,0,0,69,2603,0,0,0,1,0,0,0,0,1,0
519,0,0,53,2321,0,0,0,1,0,0,0,1,0,0
520,0,1,53,2293,1,0,0,0,0,0,0,1,0,0
521,0,0,68,2484,0,0,0,1,0,1,0,0,0,0
522,0,0,39,2347,0,0,1,0,0,0,0,0,1,0
523,0,0,43,2393,0,0,0,1,0,1,0,0,0,0
524,0,0,51,2851,0,0,0,0,1,0,0,1,0,0
525,0,0,36,2737,0,0,1,0,0,0,0,0,0,1
526,0,1,38,2485,0,1,0,0,0,0,0,0,0,1
527,0,0,44,2549,0,0,0,1,0,0,0,1,0,0
528,0,0,30,2272,0,1,0,0,0,1,0,0,0,0
529,0,1,56,2332,0,0,0,0,1,0,0,1,0,0
530,0,0,40,2367,0,1,0,0,0,0,0,1,0,0
531,0,1,52,2313,0,1,0,0,0,0,0,1,0,0
532,0,0,47,2251,0,1,0,0,0,0,0,0,1,0
533,0,0,57,2249,0,0,1,0,0,1,0,0,0,0
534,0,1,31,2241,0,0,1,0,0,0,0,1,0,0
535,0,0,49,2301,0,0,1,0,0,0,0,0,0,1
536,0,0,57,2596,0,1,0,0,0,0,0,1,0,0
537,0,1,71,2394,0,1,0,0,0,0,0,0,1,0
538,0,0,68,2814,0,0,0,1,0,0,0,1,0,0
539,0,0,42,2644,0,0,1,0,0,0,0,0,0,1
540,0,0,38,2609,0,1,0,0,0,0,0,1,0,0
541,0,0,50,2489,0,1,0,0,0,1,0,0,0,0
542,0,1,61,2562,0,0,0,1,0,0,0,1,0,0
543,0,0,42,2452,0,1,0,0,0,0,0,1,0,0
544,0,0,40,2537,0,0,1,0,0,0,0,1,0,0
545,0,0,49,2528,0,0,0,1,0,0,0,0,1,0
546,0,0,50,2324,0,1,0,0,0,1,0,0,0,0
547,0,0,57,2395,1,0,0,0,0,0,0,0,0,1
548,0,0,70,2181,0,0,0,1,0,0,0,0,0,1
549,0,0,58,2730,0,0,1,0,0,0,0,1,0,0
550,0,0,69,2454,0,0,0,1,0,0,0,0,1,0
551,0,0,41,2518,0,0,1,0,0,0,0,1,0,0
552,0,0,50,2728,0,0,0,1,0,0,0,1,0,0
553,0,0,46,2814,0,1,0,0,0,0,0,1,0,0
554,0,0,52,2312,0,1,0,0,0,0,0,0,0,1
555,0,0,42,2448,0,0,1,0,0,1,0,0,0,0
556,0,0,50,2491,0,0,0,1,0,0,0,0,0,1
557,0,0,39,2429,0,1,0,0,0,0,0,0,1,0
558,0,1,43,2673,0,1,0,0,0,0,0,0,0,1
559,0,0,52,2248,0,1,0,0,0,0,0,1,0,0
560,0,0,50,2469,0,1,0,0,0,0,0,1,0,0
561,0,0,54,2445,0,0,0,1,0,0,0,0,0,1
562,0,0,64,2514,0,0,0,1,0,0,0,0,1,0
563,0,0,46,2755,0,1,0,0,0,0,0,0,0,1
564,0,0,69,2627,0,0,0,1,0,0,0,1,0,0
565,0,0,53,2411,0,0,0,1,0,1,0,0,0,0
566,0,0,69,2599,0,1,0,0,0,0,0,0,1,0
567,0,0,37,2246,0,0,0,1,0,0,0,1,0,0
568,0,0,49,2231,0,0,0,1,0,1,0,0,0,0
569,0,1,65,2803,0,0,0,0,1,0,0,1,0,0
570,0,0,59,2447,0,1,0,0,0,0,0,0,1,0
571,0,0,65,2202,0,0,0,1,0,0,0,1,0,0
572,0,0,61,2472,0,0,0,1,0,0,0,1,0,0
573,1,1,36,2784,0,0,1,0,0,0,0,0,0,1
574,0,1,45,2723,0,1,0,0,0,0,0,0,1,0
575,0,0,55,2390,0,0,1,0,0,0,0,0,1,0
576,0,0,43,2309,0,0,0,1,0,0,0,1,0,0
577,0,0,48,2450,0,1,0,0,0,0,0,0,0,1
578,0,1,45,2442,0,0,0,1,0,0,0,0,1,0
579,0,0,51,2770,1,0,0,0,0,0,0,1,0,0
580,0,0,51,2412,0,1,0,0,0,0,0,0,1,0
581,0,0,42,2549,0,1,0,0,0,1,0,0,0,0
582,0,0,39,2840,0,0,0,1,0,0,0,1,0,0
583,0,0,59,2652,0,0,1,0,0,0,0,1,0,0
584,0,0,60,2826,0,0,0,1,0,0,0,1,0,0
585,0,0,65,2444,0,0,1,0,0,0,0,1,0,0
586,0,0,72,2726,0,1,0,0,0,0,0,0,0,1
587,0,0,54,2678,0,0,0,1,0,0,0,0,1,0
588,0,1,34,2706,0,0,1,0,0,0,0,0,1,0
589,0,0,47,2297,0,0,0,0,1,0,0,1,0,0
590,0,0,64,2634,1,0,0,0,0,0,0,1,0,0
591,0,0,45,2770,0,1,0,0,0,0,1,0,0,0
592,0,0,55,2212,0,1,0,0,0,0,0,1,0,0
593,0,0,51,2473,0,0,1,0,0,0,0,0,1,0
594,0,0,76,2505,0,0,0,0,1,0,0,0,1,0
595,0,0,47,2724,0,1,0,0,0,0,1,0,0,0
596,0,0,53,2403,0,1,0,0,0,0,0,1,0,0
597,0,1,51,2756,0,0,1,0,0,0,0,0,0,1
598,0,0,46,2497,0,1,0,0,0,0,0,1,0,0
599,0,0,55,2578,0,0,1,0,0,0,0,0,1,0
600,0,0,42,2627,0,0,0,0,1,0,0,1,0,0
601,0,0,60,2840,0,1,0,0,0,0,0,0,1,0
602,0,0,59,2512,0,1,0,0,0,0,0,0,0,1
603,0,0,49,2509,0,0,1,0,0,0,0,1,0,0
604,0,0,71,2270,0,0,0,0,1,0,0,1,0,0
605,0,0,42,2342,0,0,1,0,0,1,0,0,0,0
606,0,0,65,2550,0,1,0,0,0,1,0,0,0,0
607,0,0,44,2684,0,1,0,0,0,0,0,1,0,0
608,0,0,45,2550,0,0,1,0,0,0,0,1,0,0
609,0,1,60,2805,0,0,0,1,0,0,0,1,0,0
610,0,0,43,2820,1,0,0,0,0,0,0,0,0,1
611,0,0,43,2717,0,0,1,0,0,0,0,1,0,0
612,0,0,50,2381,0,1,0,0,0,0,0,0,0,1
613,0,0,62,2175,0,0,0,1,0,0,0,0,0,1
614,0,0,50,2324,0,1,0,0,0,1,0,0,0,0
615,0,1,60,2293,0,0,1,0,0,1,0,0,0,0
616,0,1,47,2596,0,0,1,0,0,0,0,1,0,0
617,0,0,58,2270,1,0,0,0,0,0,0,1,0,0
618,0,0,68,2549,0,0,1,0,0,0,0,1,0,0
619,0,0,58,2696,0,1,0,0,0,0,0,1,0,0
620,0,1,70,2798,1,0,0,0,0,0,0,0,1,0
621,0,0,49,2394,0,1,0,0,0,0,0,1,0,0
622,0,0,60,2791,0,0,0,1,0,0,0,1,0,0
623,0,0,72,2206,0,0,0,1,0,0,0,0,0,1
624,0,0,61,2705,1,0,0,0,0,0,0,0,0,1
625,0,0,56,2577,0,0,1,0,0,0,0,1,0,0
626,0,1,73,2635,0,0,0,1,0,0,0,0,1,0
627,0,0,49,2474,0,1,0,0,0,0,0,0,0,1
628,0,1,50,2683,0,0,0,1,0,0,0,1,0,0
629,0,0,50,2357,1,0,0,0,0,0,0,0,1,0
630,0,0,43,2196,0,1,0,0,0,0,0,0,1,0
631,0,0,62,2445,0,0,0,1,0,0,0,1,0,0
632,0,0,60,2291,0,0,1,0,0,0,0,0,1,0
633,0,0,35,2830,0,0,0,1,0,0,0,1,0,0
634,0,0,46,2845,0,1,0,0,0,0,0,1,0,0
635,0,0,70,2236,0,0,0,1,0,0,0,0,0,1
636,0,0,65,2854,1,0,0,0,0,0,0,1,0,0
637,0,0,67,2335,0,0,0,1,0,0,0,1,0,0
638,0,0,62,2804,0,0,0,1,0,1,0,0,0,0
639,0,0,73,2461,0,0,0,1,0,0,0,0,0,1
640,0,0,54,2410,0,0,1,0,0,0,0,0,0,1
641,0,0,57,2728,0,0,0,1,0,0,0,1,0,0
642,0,0,35,2386,0,1,0,0,0,0,0,1,0,0
643,0,0,45,2345,0,0,0,0,1,0,0,1,0,0
644,0,0,40,2819,0,1,0,0,0,0,1,0,0,0
645,0,0,64,2703,0,0,0,1,0,0,0,0,1,0
646,0,0,61,2707,0,1,0,0,0,0,0,1,0,0
647,0,0,46,2568,0,0,0,1,0,0,0,0,0,1
648,0,0,33,2436,0,0,1,0,0,0,1,0,0,0
649,0,0,52,2575,0,1,0,0,0,0,0,0,0,1
650,0,0,49,2393,0,1,0,0,0,1,0,0,0,0
651,0,0,56,2494,0,1,0,0,0,0,0,0,0,1
652,0,0,58,2392,0,0,1,0,0,0,0,0,1,0
653,0,0,50,2814,0,0,0,0,1,0,0,1,0,0
654,0,0,40,2354,0,1,0,0,0,0,0,1,0,0
655,0,0,45,2734,0,0,1,0,0,0,0,0,0,1
656,0,0,46,2197,0,1,0,0,0,0,0,1,0,0
657,0,1,57,2766,0,1,0,0,0,0,0,0,0,1
658,0,0,41,2337,0,0,1,0,0,0,0,1,0,0
659,0,1,35,2537,0,1,0,0,0,1,0,0,0,0
660,0,0,40,2347,0,0,1,0,0,0,0,0,0,1
661,0,0,57,2413,1,0,0,0,0,0,0,1,0,0
662,0,0,53,2827,1,0,0,0,0,0,0,1,0,0
663,0,0,38,2498,0,0,0,1,0,1,0,0,0,0
664,0,0,65,2407,0,0,0,1,0,0,0,1,0,0
665,0,0,53,2351,0,0,0,1,0,0,0,1,0,0
666,0,0,44,2638,1,0,0,0,0,0,0,0,0,1
667,0,1,48,2814,0,0,1,0,0,0,0,0,0,1
668,0,0,31,2203,0,0,0,1,0,0,0,0,0,1
669,0,0,51,2431,0,0,0,1,0,0,0,0,0,1
670,0,1,60,2792,1,0,0,0,0,0,0,0,0,1
671,0,0,50,2467,0,0,1,0,0,0,0,1,0,0
672,0,0,62,2511,0,0,0,1,0,0,0,0,1,0
673,0,0,68,2398,0,0,0,1,0,0,1,0,0,0
674,0,1,71,2555,0,0,0,0,1,0,0,0,1,0
675,0,0,59,2497,0,1,0,0,0,0,0,0,1,0
676,0,0,25,2254,0,0,1,0,0,0,0,1,0,0
677,0,1,71,2606,0,0,1,0,0,0,0,0,0,1
678,0,0,59,2397,0,0,1,0,0,0,0,1,0,0
679,0,0,60,2240,0,0,0,1,0,0,0,1,0,0
680,0,0,47,2444,1,0,0,0,0,0,0,1,0,0
681,0,0,42,2268,0,1,0,0,0,0,0,1,0,0
682,0,0,42,2297,1,0,0,0,0,0,0,1,0,0
683,0,1,32,2220,0,0,1,0,0,0,0,0,1,0
684,0,0,52,2344,1,0,0,0,0,0,0,0,1,0
685,0,0,34,2694,0,1,0,0,0,0,0,1,0,0
686,0,0,50,2161,1,0,0,0,0,0,0,0,0,1
687,0,0,69,2604,1,0,0,0,0,0,0,1,0,0
688,0,0,72,2379,0,0,0,1,0,0,0,0,0,1
689,0,1,49,2694,0,1,0,0,0,0,0,0,1,0
690,0,0,34,2511,0,1,0,0,0,0,0,1,0,0
691,0,0,55,2775,0,0,1,0,0,0,0,0,1,0
692,0,0,45,2653,0,0,1,0,0,0,0,1,0,0
693,0,0,67,2570,0,0,0,1,0,0,0,1,0,0
694,0,0,38,2485,0,0,0,1,0,0,0,1,0,0
695,0,0,45,2728,0,1,0,0,0,0,0,0,0,1
696,0,1,60,2803,1,0,0,0,0,1,0,0,0,0
697,0,0,42,2662,0,0,0,1,0,0,0,1,0,0
698,0,0,50,2614,1,0,0,0,0,0,0,1,0,0
699,0,0,62,2251,0,0,1,0,0,0,0,1,0,0
700,0,0,55,2716,0,1,0,0,0,0,0,0,1,0
701,0,0,66,2582,0,1,0,0,0,0,0,1,0,0
702,0,0,36,2196,0,1,0,0,0,0,0,0,0,1
703,0,0,55,2660,0,1,0,0,0,0,0,1,0,0
704,0,1,44,2856,0,1,0,0,0,0,0,1,0,0
705,0,0,54,2180,0,1,0,0,0,0,0,1,0,0
706,0,0,65,2377,0,1,0,0,0,0,0,1,0,0
707,0,0,44,2314,1,0,0,0,0,0,0,0,1,0
708,0,0,55,2420,0,1,0,0,0,0,0,0,1,0
709,0,0,29,2599,0,0,0,1,0,0,0,1,0,0
710,0,0,71,2434,1,0,0,0,0,0,0,0,0,1
711,0,0,67,2850,0,0,0,1,0,0,0,0,0,1
712,0,0,42,2541,0,1,0,0,0,0,0,1,0,0
713,0,0,72,2415,1,0,0,0,0,0,0,0,0,1
714,0,0,47,2422,1,0,0,0,0,0,0,1,0,0
715,0,1,71,2220,0,1,0,0,0,0,0,1,0,0
716,0,0,47,2616,0,1,0,0,0,0,0,1,0,0
717,0,0,68,2185,0,0,0,1,0,0,0,0,1,0
718,0,0,31,2627,0,1,0,0,0,0,1,0,0,0
719,0,0,51,2848,0,0,0,1,0,0,0,1,0,0
720,0,0,67,2622,0,0,1,0,0,0,0,0,0,1
721,0,0,64,2639,0,0,0,1,0,0,0,0,1,0
722,0,0,70,2338,0,0,1,0,0,0,0,0,0,1
723,0,0,42,2491,0,0,0,1,0,1,0,0,0,0
724,0,0,56,2314,0,1,0,0,0,0,0,1,0,0
725,0,0,68,2572,0,0,0,1,0,0,0,1,0,0
726,0,0,45,2361,0,1,0,0,0,1,0,0,0,0
727,0,0,25,2271,0,0,1,0,0,0,0,1,0,0
728,0,0,50,2446,0,0,1,0,0,0,0,1,0,0
729,0,1,66,2310,0,1,0,0,0,1,0,0,0,0
730,0,0,48,2339,0,0,0,1,0,0,0,0,0,1
731,0,0,62,2428,0,0,0,1,0,0,0,0,0,1
732,0,0,45,2345,0,0,0,0,1,0,0,1,0,0
733,0,1,51,2645,0,1,0,0,0,0,0,1,0,0
734,0,0,41,2217,0,0,0,1,0,0,0,1,0,0
735,0,0,42,2664,0,0,0,1,0,1,0,0,0,0
736,0,1,48,2846,0,0,0,1,0,0,0,0,0,1
737,0,0,56,2442,0,1,0,0,0,0,0,1,0,0
738,0,0,41,2630,0,1,0,0,0,0,0,0,1,0
739,0,0,61,2243,0,1,0,0,0,0,0,0,0,1
740,0,0,39,2428,0,1,0,0,0,1,0,0,0,0
741,0,0,53,2225,0,0,1,0,0,0,0,1,0,0
742,0,0,32,2403,0,1,0,0,0,0,0,0,1,0
743,0,1,42,2574,0,0,1,0,0,0,0,0,0,1
744,0,0,68,2197,0,0,1,0,0,0,0,1,0,0
745,0,0,65,2587,0,1,0,0,0,0,0,1,0,0
746,0,0,43,2815,0,1,0,0,0,0,0,1,0,0
747,0,0,33,2821,0,0,0,1,0,0,0,1,0,0
748,0,0,55,2460,0,1,0,0,0,1,0,0,0,0
749,0,0,64,2558,0,1,0,0,0,0,0,0,1,0
750,0,0,41,2520,0,1,0,0,0,0,0,1,0,0
751,0,0,69,2358,0,1,0,0,0,0,0,0,0,1
752,0,1,55,2590,0,0,1,0,0,0,0,1,0,0
753,0,0,48,2601,0,1,0,0,0,0,0,1,0,0
754,0,0,63,2727,0,0,0,1,0,0,0,0,0,1
755,0,0,67,2639,0,0,0,1,0,0,0,1,0,0
756,0,0,55,2462,0,0,1,0,0,0,0,0,0,1
757,0,0,62,2313,0,0,0,1,0,0,0,0,0,1
758,0,0,65,2352,0,0,1,0,0,0,0,0,1,0
759,0,0,49,2449,0,0,1,0,0,0,0,1,0,0
760,0,0,46,2244,0,0,1,0,0,0,0,0,0,1
761,0,0,44,2235,0,0,0,1,0,0,0,1,0,0
762,0,0,50,2208,0,0,1,0,0,0,0,1,0,0
763,0,0,48,2261,0,1,0,0,0,0,0,1,0,0
764,0,0,48,2535,0,0,0,1,0,0,0,1,0,0
765,0,0,34,2767,0,1,0,0,0,0,1,0,0,0
766,0,0,60,2293,0,0,0,1,0,0,0,0,1,0
767,0,1,52,2702,1,0,0,0,0,0,0,0,0,1
768,0,0,42,2190,0,1,0,0,0,0,0,0,1,0
769,0,0,44,2818,1,0,0,0,0,0,0,1,0,0
770,0,0,75,2689,0,0,0,1,0,0,0,0,1,0
771,0,1,63,2758,0,1,0,0,0,0,0,0,0,1
772,0,0,70,2504,0,0,1,0,0,0,0,1,0,0
773,0,0,42,2402,0,1,0,0,0,0,0,1,0,0
774,0,0,59,2609,0,0,1,0,0,0,0,1,0,0
775,0,0,58,2684,0,0,1,0,0,0,0,0,1,0
776,0,0,66,2160,0,1,0,0,0,0,0,0,0,1
777,0,0,55,2773,1,0,0,0,0,1,0,0,0,0
778,0,0,47,2643,0,0,0,1,0,0,0,1,0,0
779,0,0,52,2356,0,1,0,0,0,0,0,1,0,0
780,0,0,50,2357,0,1,0,0,0,0,0,0,1,0
781,0,0,64,2619,0,0,0,0,1,0,0,1,0,0
782,0,0,69,2685,0,1,0,0,0,0,0,1,0,0
783,0,0,76,2395,0,0,1,0,0,0,0,0,0,1
784,0,1,62,2608,0,1,0,0,0,0,0,1,0,0
785,0,0,44,2396,0,1,0,0,0,0,0,0,1,0
786,0,0,49,2257,0,1,0,0,0,0,0,0,1,0
787,0,0,63,2410,0,1,0,0,0,0,0,1,0,0
788,0,0,48,2623,0,1,0,0,0,0,0,1,0,0
789,0,0,48,2608,0,0,1,0,0,0,0,1,0,0
790,0,0,39,2415,0,1,0,0,0,0,0,1,0,0
791,0,1,48,2594,0,0,1,0,0,0,0,1,0,0
792,0,0,45,2188,0,0,1,0,0,0,0,1,0,0
793,0,0,65,2669,0,1,0,0,0,0,0,0,1,0
794,0,0,34,2377,0,0,0,1,0,0,0,0,0,1
795,0,0,50,2207,0,0,0,1,0,0,0,0,0,1
796,0,0,44,2268,0,1,0,0,0,0,0,1,0,0
797,0,0,66,2741,0,0,1,0,0,0,0,1,0,0
798,0,0,48,2251,0,1,0,0,0,0,0,1,0,0
799,0,0,42,2460,0,1,0,0,0,1,0,0,0,0
800,0,1,40,2579,0,0,1,0,0,0,0,0,0,1
801,0,0,48,2484,0,1,0,0,0,0,0,1,0,0
802,0,1,59,2173,0,0,1,0,0,0,0,1,0,0
803,0,0,57,2596,0,1,0,0,0,0,0,1,0,0
804,0,1,61,2562,0,0,0,1,0,0,0,1,0,0
805,0,0,61,2598,1,0,0,0,0,1,0,0,0,0
806,0,0,66,2577,0,1,0,0,0,0,0,1,0,0
807,0,0,58,2692,1,0,0,0,0,0,0,1,0,0
808,0,0,62,2573,0,0,0,0,1,0,0,0,0,1
809,0,0,36,2279,0,0,0,1,0,0,0,1,0,0
810,0,0,44,2378,1,0,0,0,0,0,0,0,0,1
811,0,0,28,2816,0,0,1,0,0,0,0,1,0,0
812,0,0,53,2579,0,0,0,1,0,0,0,0,0,1
813,0,0,40,2429,0,0,0,1,0,1,0,0,0,0
814,0,0,53,2659,0,1,0,0,0,0,0,1,0,0
815,0,0,64,2616,0,1,0,0,0,0,0,1,0,0
816,0,0,48,2589,0,0,1,0,0,0,0,0,1,0
817,0,0,40,2803,1,0,0,0,0,0,0,1,0,0
818,0,0,40,2521,0,0,1,0,0,1,0,0,0,0
819,0,0,43,2259,0,0,1,0,0,0,0,1,0,0
820,0,0,70,2487,0,0,0,1,0,0,0,1,0,0
821,0,0,46,2736,0,1,0,0,0,0,0,1,0,0
822,0,0,32,2207,0,0,1,0,0,0,0,1,0,0
823,0,0,39,2755,0,1,0,0,0,0,0,1,0,0
824,0,0,60,2496,0,1,0,0,0,1,0,0,0,0
825,0,1,50,2326,0,0,0,1,0,0,0,1,0,0
826,0,0,29,2797,0,0,1,0,0,1,0,0,0,0
827,0,0,64,2711,0,0,1,0,0,0,0,0,1,0
828,0,0,57,2408,0,0,1,0,0,0,0,1,0,0
829,0,0,40,2574,0,1,0,0,0,0,0,1,0,0
830,0,0,46,2540,0,0,1,0,0,0,0,1,0,0
831,0,0,66,2328,0,1,0,0,0,0,0,0,0,1
832,0,0,63,2759,0,1,0,0,0,1,0,0,0,0
833,0,0,54,2193,0,0,0,1,0,0,0,0,0,1
834,0,1,46,2263,0,1,0,0,0,0,0,0,0,1
835,0,0,41,2613,0,0,1,0,0,0,0,1,0,0
836,0,0,47,2276,0,1,0,0,0,0,0,0,1,0
837,0,0,35,2654,0,1,0,0,0,0,0,1,0,0
838,0,0,54,2792,0,0,0,1,0,0,0,1,0,0
839,0,0,31,2579,0,1,0,0,0,1,0,0,0,0
840,0,0,51,2313,0,0,0,1,0,0,0,1,0,0
841,0,0,51,2293,0,0,0,1,0,0,0,0,1,0
842,0,0,33,2695,0,1,0,0,0,0,0,1,0,0
843,0,0,31,2792,0,0,0,1,0,1,0,0,0,0
844,0,0,45,2353,0,0,1,0,0,1,0,0,0,0
845,0,0,47,2542,0,0,0,1,0,0,0,0,0,1
846,0,0,54,2619,0,0,1,0,0,0,0,0,1,0
847,0,0,34,2437,0,0,1,0,0,0,0,0,1,0
848,0,0,42,2578,0,0,0,1,0,0,0,1,0,0
849,0,0,41,2779,0,0,0,1,0,0,0,1,0,0
850,0,0,37,2433,0,0,0,1,0,0,0,0,0,1
851,0,0,61,2333,0,0,1,0,0,0,0,1,0,0
852,0,0,44,2177,0,0,0,1,0,0,0,1,0,0
853,0,0,39,2245,0,0,1,0,0,1,0,0,0,0
854,0,0,42,2425,0,0,0,1,0,0,0,0,1,0
855,0,0,67,2444,0,0,0,1,0,0,0,1,0,0
856,0,0,49,2523,1,0,0,0,0,0,0,0,1,0
857,0,0,37,2659,0,1,0,0,0,0,0,1,0,0
858,0,0,64,2244,0,0,1,0,0,0,0,0,1,0
859,0,0,42,2687,0,0,0,1,0,1,0,0,0,0
860,0,1,48,2298,0,0,1,0,0,0,0,1,0,0
861,0,0,45,2780,0,1,0,0,0,0,0,1,0,0
862,0,0,45,2500,1,0,0,0,0,0,0,1,0,0
863,0,0,39,2169,0,1,0,0,0,1,0,0,0,0
864,0,1,48,2814,0,0,1,0,0,0,0,0,0,1
865,0,0,50,2521,0,0,0,1,0,0,0,0,0,1
866,0,0,67,2739,0,0,1,0,0,0,0,0,0,1
867,0,0,61,2359,0,1,0,0,0,0,0,1,0,0
868,0,0,58,2613,0,0,0,1,0,0,0,1,0,0
869,0,0,42,2354,0,0,1,0,0,0,0,0,1,0
870,0,0,47,2664,0,1,0,0,0,0,0,1,0,0
871,0,0,55,2818,0,0,0,0,1,0,0,0,1,0
872,0,0,37,2325,0,1,0,0,0,0,0,1,0,0
873,0,0,29,2219,0,0,1,0,0,0,1,0,0,0
874,0,1,77,2672,1,0,0,0,0,0,0,0,0,1
875,0,0,48,2723,0,0,1,0,0,0,0,0,0,1
876,0,1,64,2485,0,0,0,1,0,0,0,1,0,0
877,0,0,62,2316,1,0,0,0,0,0,0,1,0,0
878,0,0,46,2481,0,1,0,0,0,0,0,0,0,1
879,0,0,34,2409,1,0,0,0,0,0,0,1,0,0
880,0,0,62,2667,0,1,0,0,0,0,0,1,0,0
881,0,0,50,2476,1,0,0,0,0,0,0,1,0,0
882,0,0,53,2509,0,0,0,1,0,0,0,1,0,0
883,0,0,47,2366,0,0,0,1,0,0,0,1,0,0
884,0,0,51,2621,0,0,0,1,0,0,0,1,0,0
885,0,0,43,2240,0,0,1,0,0,0,0,1,0,0
886,0,1,59,2379,0,0,1,0,0,0,0,1,0,0
887,0,0,49,2368,0,0,0,0,1,0,0,1,0,0
888,0,0,46,2335,0,0,0,1,0,0,0,1,0,0
889,0,0,34,2270,0,1,0,0,0,0,0,0,0,1
890,0,0,54,2524,0,0,1,0,0,0,0,0,0,1
891,0,0,28,2393,0,0,0,1,0,0,0,1,0,0
892,0,1,57,2679,0,0,0,0,1,0,0,0,0,1
893,0,1,48,2509,0,1,0,0,0,0,0,0,1,0
894,0,1,26,2732,0,0,1,0,0,0,0,1,0,0
895,0,0,66,2573,0,1,0,0,0,0,0,1,0,0
896,0,0,60,2344,0,0,0,1,0,0,0,0,1,0
897,0,1,38,2485,0,1,0,0,0,0,0,0,0,1
898,0,0,66,2383,0,0,1,0,0,1,0,0,0,0
899,0,0,66,2566,0,0,1,0,0,0,0,0,0,1
900,0,0,65,2236,0,0,0,1,0,0,0,0,0,1
901,0,0,27,2597,0,0,1,0,0,0,0,1,0,0
902,0,1,51,2680,0,0,1,0,0,0,0,0,1,0
903,0,0,72,2215,0,1,0,0,0,0,0,0,0,1
904,0,0,34,2201,0,0,0,1,0,0,0,1,0,0
905,0,0,41,2826,0,0,0,1,0,0,0,0,1,0
906,0,0,42,2298,0,1,0,0,0,0,0,1,0,0
907,0,0,38,2340,0,0,1,0,0,1,0,0,0,0
908,0,0,27,2215,0,0,1,0,0,0,0,1,0,0
909,0,0,44,2383,0,1,0,0,0,0,0,0,0,1
910,0,0,46,2241,0,0,0,1,0,0,0,0,0,1
911,0,0,31,2298,0,0,1,0,0,0,0,1,0,0
912,0,0,69,2845,0,0,1,0,0,0,0,0,0,1
913,0,0,31,2713,0,1,0,0,0,0,1,0,0,0
914,0,0,68,2197,0,0,1,0,0,0,0,1,0,0
915,0,0,49,2194,0,0,0,1,0,0,0,0,0,1
916,0,0,49,2407,0,0,0,1,0,0,0,1,0,0
917,0,0,50,2562,0,1,0,0,0,0,0,0,0,1
918,0,0,49,2509,0,0,1,0,0,0,0,1,0,0
919,0,0,45,2483,1,0,0,0,0,0,0,0,0,1
920,0,0,68,2543,0,0,1,0,0,1,0,0,0,0
921,0,0,58,2503,0,0,0,1,0,0,0,0,0,1
922,0,1,37,2556,1,0,0,0,0,0,0,1,0,0
923,0,1,67,2641,0,0,0,1,0,0,0,1,0,0
924,0,0,34,2713,0,0,1,0,0,0,1,0,0,0
925,0,0,33,2795,0,1,0,0,0,0,0,0,0,1
926,0,0,38,2292,0,1,0,0,0,1,0,0,0,0
927,0,0,41,2431,1,0,0,0,0,0,0,1,0,0
928,0,0,43,2364,0,0,0,1,0,0,0,1,0,0
929,0,0,45,2795,1,0,0,0,0,1,0,0,0,0
930,0,0,41,2209,0,0,0,1,0,0,0,0,0,1
931,0,0,44,2211,0,0,0,1,0,0,0,0,0,1
932,0,1,47,2675,1,0,0,0,0,0,0,0,1,0
933,0,0,49,2573,0,0,1,0,0,0,0,0,0,1
934,0,0,44,2208,0,0,0,1,0,0,0,0,1,0
935,0,0,44,2663,0,1,0,0,0,0,0,0,0,1
936,0,1,55,2734,0,1,0,0,0,0,0,1,0,0
937,0,0,68,2840,0,0,1,0,0,0,0,1,0,0
938,0,0,47,2212,0,1,0,0,0,0,0,1,0,0
939,0,0,63,2587,1,0,0,0,0,0,0,0,0,1
940,0,0,53,2805,1,0,0,0,0,0,0,1,0,0
941,0,0,58,2212,0,0,1,0,0,0,0,0,0,1
942,0,1,51,2705,0,0,0,1,0,0,0,0,1,0
943,0,0,45,2417,0,1,0,0,0,0,0,0,0,1
944,0,0,40,2163,0,1,0,0,0,0,0,1,0,0
945,0,0,61,2449,0,0,0,1,0,0,0,1,0,0
946,0,1,47,2473,0,1,0,0,0,0,0,1,0,0
947,0,0,47,2784,0,1,0,0,0,0,0,1,0,0
948,0,1,46,2601,0,1,0,0,0,0,0,0,0,1
949,0,0,40,2783,0,0,0,1,0,0,0,1,0,0
950,0,0,32,2306,0,1,0,0,0,0,0,1,0,0
951,0,0,52,2687,0,0,0,1,0,0,0,0,0,1
952,1,0,32,2753,0,1,0,0,0,1,0,0,0,0
953,0,0,61,2383,1,0,0,0,0,1,0,0,0,0
954,0,0,49,2782,0,0,0,1,0,0,0,0,1,0
955,0,0,58,2305,0,1,0,0,0,0,0,1,0,0
956,0,0,61,2856,0,0,0,1,0,0,0,0,1,0
957,0,0,55,2420,0,1,0,0,0,0,0,0,1,0
958,0,0,68,2336,0,1,0,0,0,0,0,1,0,0
959,0,0,66,2449,0,0,0,1,0,0,0,1,0,0
960,0,0,60,2511,0,0,0,0,1,1,0,0,0,0
961,0,0,55,2166,1,0,0,0,0,0,0,1,0,0
962,0,0,41,2485,1,0,0,0,0,0,0,0,1,0
963,0,0,42,2417,1,0,0,0,0,0,0,1,0,0
964,0,1,70,2477,0,1,0,0,0,0,0,1,0,0
965,0,0,46,2471,0,1,0,0,0,0,0,0,0,1
966,0,0,42,2375,0,1,0,0,0,0,0,0,0,1
967,0,1,51,2406,0,1,0,0,0,0,0,1,0,0
968,0,0,44,2572,0,0,1,0,0,1,0,0,0,0
969,0,0,64,2159,0,0,0,0,1,0,0,0,0,1
970,0,1,66,2259,1,0,0,0,0,0,0,1,0,0
971,0,0,48,2736,0,1,0,0,0,1,0,0,0,0
972,0,0,39,2826,0,0,0,1,0,0,0,0,1,0
973,0,0,31,2290,0,0,1,0,0,0,0,1,0,0
974,0,0,66,2166,1,0,0,0,0,0,0,1,0,0
975,0,0,25,2254,0,0,1,0,0,0,0,1,0,0
976,0,0,42,2391,0,0,0,1,0,0,0,1,0,0
977,0,0,63,2283,0,0,0,1,0,0,0,1,0,0
978,0,0,47,2479,0,1,0,0,0,0,0,1,0,0
979,0,0,64,2397,1,0,0,0,0,0,0,1,0,0
980,0,1,64,2816,0,0,0,0,1,0,0,0,0,1
981,0,1,33,2422,0,0,1,0,0,0,0,0,0,1
982,0,1,39,2618,0,1,0,0,0,1,0,0,0,0
983,0,0,33,2660,0,0,0,1,0,0,0,1,0,0
984,0,0,66,2567,0,1,0,0,0,0,0,0,0,1
985,0,1,66,2671,0,0,1,0,0,0,0,1,0,0
986,0,0,67,2760,0,1,0,0,0,0,0,0,1,0
987,0,0,68,2572,0,0,0,1,0,0,0,1,0,0
988,0,0,52,2313,0,1,0,0,0,0,0,1,0,0
989,0,0,57,2574,0,0,1,0,0,0,0,0,0,1
990,0,0,41,2832,0,0,0,1,0,0,0,1,0,0
991,0,0,44,2328,0,0,0,1,0,0,0,0,0,1
992,0,0,42,2638,0,0,1,0,0,0,0,1,0,0
993,0,0,52,2816,0,0,0,1,0,0,0,0,1,0
994,0,0,49,2231,0,1,0,0,0,0,0,0,1,0
995,0,0,69,2230,0,1,0,0,0,0,0,0,1,0
996,0,0,55,2242,0,1,0,0,0,1,0,0,0,0
997,0,0,51,2556,0,0,0,1,0,0,0,1,0,0
998,0,0,47,2701,0,1,0,0,0,0,0,1,0,0
999,0,0,44,2653,0,0,1,0,0,0,0,1,0,0
1000,0,0,47,2169,0,1,0,0,0,0,0,1,0,0
1001,0,0,46,2516,0,0,0,1,0,0,0,0,0,1
1002,0,1,67,2641,0,0,0,1,0,0,0,0,0,1
1003,0,0,54,2164,0,0,0,1,0,0,0,0,1,0
1004,0,0,42,2762,0,1,0,0,0,0,0,1,0,0
1005,0,0,53,2606,0,1,0,0,0,0,0,0,0,1
1006,0,1,42,2471,0,0,1,0,0,0,0,1,0,0
1007,0,0,33,2675,0,0,1,0,0,0,1,0,0,0
1008,0,0,62,2491,1,0,0,0,0,0,0,0,0,1
1009,0,0,56,2761,0,0,0,1,0,1,0,0,0,0
1010,0,1,49,2524,0,0,0,1,0,0,0,1,0,0
1011,0,1,49,2687,0,0,1,0,0,0,0,1,0,0
1012,0,0,51,2163,0,0,0,1,0,0,0,1,0,0
1013,0,0,43,2682,0,1,0,0,0,1,0,0,0,0
1014,0,0,47,2207,0,1,0,0,0,0,0,1,0,0
1015,0,0,40,2828,0,0,1,0,0,0,0,1,0,0
1016,0,0,62,2282,0,0,0,1,0,0,0,0,0,1
1017,0,0,48,2443,0,0,1,0,0,0,0,0,1,0
1018,0,1,49,2250,0,1,0,0,0,0,0,0,0,1
1019,0,0,67,2555,0,1,0,0,0,0,0,1,0,0
1020,0,0,61,2226,0,1,0,0,0,0,0,1,0,0
1021,1,0,66,2762,0,1,0,0,0,0,0,1,0,0
1022,0,0,29,2808,0,0,1,0,0,0,0,1,0,0
1023,0,0,58,2196,0,0,0,1,0,0,0,1,0,0
1024,0,1,34,2493,0,0,0,1,0,0,0,1,0,0
1025,0,0,55,2783,0,0,1,0,0,0,0,0,1,0
1026,0,0,54,2436,0,1,0,0,0,0,0,0,1,0
1027,0,0,60,2418,0,1,0,0,0,0,0,0,0,1
1028,0,1,36,2752,0,0,0,1,0,0,0,1,0,0
1029,0,0,54,2518,0,1,0,0,0,0,0,1,0,0
1030,0,0,55,2242,0,1,0,0,0,1,0,0,0,0
1031,0,0,54,2183,0,0,0,1,0,0,0,0,0,1
1032,0,0,71,2657,0,1,0,0,0,0,0,0,0,1
1033,0,1,50,2659,1,0,0,0,0,1,0,0,0,0
1034,0,0,37,2609,0,1,0,0,0,0,0,0,1,0
1035,0,0,35,2791,0,0,1,0,0,0,0,1,0,0
1036,0,0,46,2828,0,1,0,0,0,0,0,1,0,0
1037,0,0,69,2483,0,1,0,0,0,0,0,0,0,1
1038,0,0,68,2738,0,0,1,0,0,0,0,1,0,0
1039,0,0,33,2614,0,0,0,1,0,0,0,1,0,0
1040,0,0,71,2795,0,1,0,0,0,0,0,0,1,0
1041,0,0,62,2498,0,0,0,1,0,0,0,1,0,0
1042,0,1,33,2694,0,0,1,0,0,0,0,0,0,1
1043,0,0,47,2200,1,0,0,0,0,0,0,0,0,1
1044,0,0,56,2238,0,1,0,0,0,0,0,0,0,1
1045,0,0,59,2814,0,1,0,0,0,0,0,1,0,0
1046,0,1,28,2218,0,0,1,0,0,0,0,1,0,0
1047,0,0,55,2854,1,0,0,0,0,1,0,0,0,0
1048,0,0,64,2853,1,0,0,0,0,0,0,1,0,0
1049,1,0,42,2276,0,1,0,0,0,0,0,1,0,0
1050,0,0,49,2194,0,0,0,1,0,0,0,0,0,1
1051,0,0,54,2732,0,0,0,1,0,0,0,1,0,0
1052,0,0,65,2735,0,0,0,1,0,0,0,1,0,0
1053,0,0,67,2284,0,1,0,0,0,0,0,1,0,0
1054,0,0,62,2505,0,0,0,1,0,0,0,1,0,0
1055,0,0,59,2520,0,0,0,1,0,0,0,1,0,0
1056,0,0,39,2583,0,1,0,0,0,0,0,0,0,1
1057,0,0,44,2472,0,0,0,1,0,1,0,0,0,0
1058,0,0,52,2317,0,0,1,0,0,0,0,0,1,0
1059,0,0,42,2592,0,1,0,0,0,0,0,0,0,1
1060,0,0,55,2263,0,0,1,0,0,0,0,1,0,0
1061,0,1,49,2748,0,1,0,0,0,0,0,1,0,0
1062,0,1,64,2835,0,1,0,0,0,0,0,1,0,0
1063,0,0,38,2475,0,0,0,1,0,0,0,1,0,0
1064,0,1,50,2671,0,0,1,0,0,0,0,0,1,0
1065,0,0,43,2669,0,1,0,0,0,0,0,1,0,0
1066,0,0,50,2419,0,0,1,0,0,0,0,1,0,0
1067,0,1,62,2700,0,0,0,1,0,0,0,0,0,1
1068,0,0,37,2216,0,0,0,1,0,0,0,1,0,0
1069,0,1,62,2263,0,0,1,0,0,0,0,0,0,1
1070,0,0,47,2190,0,1,0,0,0,0,0,0,0,1
1071,0,0,46,2223,0,0,1,0,0,0,0,0,0,1
1072,0,0,61,2469,0,0,0,1,0,0,0,1,0,0
1073,0,0,48,2531,0,0,1,0,0,0,0,0,0,1
1074,0,0,55,2268,0,1,0,0,0,0,0,0,0,1
1075,0,0,41,2485,0,0,1,0,0,0,0,1,0,0
1076,0,0,62,2186,1,0,0,0,0,0,0,1,0,0
1077,0,0,34,2765,0,0,1,0,0,1,0,0,0,0
1078,0,0,38,2591,0,0,0,1,0,0,0,0,1,0
1079,0,0,41,2702,0,1,0,0,0,0,0,1,0,0
1080,0,1,45,2423,1,0,0,0,0,0,0,1,0,0
1081,0,0,41,2564,0,1,0,0,0,1,0,0,0,0
1082,0,0,34,2490,0,1,0,0,0,0,0,1,0,0
1083,0,0,50,2405,0,0,0,1,0,0,0,1,0,0
1084,0,0,48,2256,0,1,0,0,0,0,0,1,0,0
1085,0,0,60,2385,0,0,1,0,0,0,0,0,0,1
1086,0,0,68,2169,0,1,0,0,0,0,0,0,0,1
1087,0,0,50,2489,0,1,0,0,0,1,0,0,0,0
1088,0,0,46,2309,0,1,0,0,0,1,0,0,0,0
1089,0,0,55,2188,0,1,0,0,0,0,0,1,0,0
1090,0,0,66,2648,1,0,0,0,0,0,0,1,0,0
1091,0,1,37,2644,0,0,1,0,0,1,0,0,0,0
1092,0,0,47,2299,0,0,1,0,0,0,0,0,0,1
1093,0,0,60,2291,0,0,1,0,0,0,0,0,1,0
1094,0,0,36,2462,0,0,1,0,0,0,0,0,0,1
1095,0,0,49,2464,0,0,0,1,0,0,0,1,0,0
1096,0,1,37,2415,0,1,0,0,0,0,0,0,0,1
1097,0,1,37,2441,0,1,0,0,0,0,0,0,1,0
1098,0,0,54,2688,0,0,0,1,0,0,1,0,0,0
1099,0,0,42,2449,0,1,0,0,0,1,0,0,0,0
1100,0,0,52,2425,0,0,1,0,0,0,0,1,0,0
1101,0,0,41,2743,0,1,0,0,0,0,0,0,0,1
1102,0,0,47,2567,1,0,0,0,0,0,0,0,1,0
1103,0,0,41,2346,0,0,1,0,0,0,0,1,0,0
1104,0,0,66,2747,0,1,0,0,0,0,0,1,0,0
1105,0,1,58,2717,1,0,0,0,0,0,0,1,0,0
1106,0,0,54,2849,0,0,1,0,0,0,0,1,0,0
1107,0,0,43,2225,0,0,0,1,0,0,0,1,0,0
1108,0,0,35,2692,0,0,1,0,0,0,1,0,0,0
1109,0,1,68,2350,1,0,0,0,0,1,0,0,0,0
1110,0,0,69,2689,0,1,0,0,0,0,0,0,1,0
1111,0,0,53,2421,0,0,1,0,0,0,0,1,0,0
1112,0,0,42,2181,0,1,0,0,0,0,0,1,0,0
1113,0,0,44,2753,0,0,0,1,0,0,0,1,0,0
1114,0,1,35,2402,0,0,1,0,0,0,0,1,0,0
1115,0,0,46,2195,0,0,0,1,0,1,0,0,0,0
1116,0,0,52,2852,0,1,0,0,0,0,0,0,0,1
1117,0,1,58,2581,1,0,0,0,0,0,0,0,0,1
1118,0,0,31,2197,1,0,0,0,0,0,0,0,1,0
1119,0,0,59,2671,0,1,0,0,0,0,0,1,0,0
1120,0,0,67,2533,0,0,0,1,0,0,0,0,1,0
1121,0,0,31,2673,0,1,0,0,0,0,0,1,0,0
1122,0,0,42,2208,1,0,0,0,0,1,0,0,0,0
1123,0,0,58,2475,0,0,1,0,0,0,0,0,0,1
1124,0,0,75,2395,0,0,0,0,1,0,0,1,0,0
1125,0,0,46,2318,0,0,0,1,0,0,0,0,1,0
1126,0,1,39,2381,0,0,0,1,0,0,0,1,0,0
1127,0,0,64,2812,0,0,0,1,0,0,0,1,0,0
1128,0,0,66,2388,0,1,0,0,0,0,0,0,0,1
1129,0,1,34,2783,0,0,1,0,0,0,0,1,0,0
1130,0,0,77,2517,0,0,0,0,1,0,0,0,0,1
1131,0,0,56,2828,0,0,0,1,0,0,0,1,0,0
1132,0,0,41,2828,0,1,0,0,0,0,0,1,0,0
1133,0,1,46,2804,0,0,0,1,0,0,0,1,0,0
1134,0,0,60,2246,0,1,0,0,0,0,0,0,1,0
1135,0,0,57,2191,0,0,1,0,0,0,0,0,0,1
1136,0,1,44,2502,0,1,0,0,0,0,0,1,0,0
1137,0,0,46,2730,0,0,0,1,0,0,0,1,0,0
1138,0,0,59,2190,0,1,0,0,0,0,0,1,0,0
1139,0,0,69,2634,0,1,0,0,0,0,0,1,0,0
1140,0,0,55,2257,0,1,0,0,0,0,0,1,0,0
1141,0,0,64,2812,0,0,0,1,0,0,0,1,0,0
1142,0,0,55,2776,0,1,0,0,0,0,0,1,0,0
1143,0,0,26,2835,0,0,0,1,0,0,0,1,0,0
1144,0,0,46,2418,0,1,0,0,0,0,0,0,0,1
1145,0,0,48,2561,0,1,0,0,0,0,0,1,0,0
1146,0,0,52,2518,0,1,0,0,0,1,0,0,0,0
1147,0,0,52,2835,0,0,0,1,0,0,0,1,0,0
1148,0,0,72,2555,0,1,0,0,0,0,0,1,0,0
1149,0,0,51,2317,0,0,1,0,0,0,0,1,0,0
1150,0,0,24,2291,0,1,0,0,0,0,1,0,0,0
1151,0,0,46,2263,0,1,0,0,0,1,0,0,0,0
1152,0,0,30,2831,0,1,0,0,0,0,0,0,0,1
1153,0,0,63,2327,0,1,0,0,0,0,0,0,1,0
1154,0,0,41,2696,0,0,0,1,0,0,1,0,0,0
1155,0,0,60,2387,0,1,0,0,0,0,0,0,1,0
1156,0,0,68,2762,0,1,0,0,0,0,0,0,1,0
1157,0,0,39,2567,0,1,0,0,0,0,0,1,0,0
1158,0,0,39,2601,1,0,0,0,0,0,0,1,0,0
1159,0,0,29,2295,0,0,1,0,0,0,0,0,1,0
1160,1,0,70,2691,0,0,0,1,0,0,0,1,0,0
1161,0,0,63,2699,0,1,0,0,0,0,0,1,0,0
1162,0,1,59,2685,1,0,0,0,0,0,0,0,0,1
1163,0,0,62,2581,0,0,1,0,0,0,1,0,0,0
1164,0,0,49,2211,0,0,1,0,0,0,0,1,0,0
1165,0,0,35,2490,0,0,1,0,0,0,0,1,0,0
1166,0,0,55,2470,0,1,0,0,0,0,0,1,0,0
1167,0,0,68,2467,0,0,1,0,0,0,0,0,0,1
1168,0,0,58,2729,0,0,0,1,0,0,0,0,0,1
1169,0,0,46,2281,0,1,0,0,0,1,0,0,0,0
1170,0,1,50,2713,1,0,0,0,0,0,0,0,1,0
1171,0,1,51,2748,0,0,0,0,1,0,0,0,1,0
1172,0,0,60,2229,1,0,0,0,0,0,0,1,0,0
1173,0,0,68,2291,0,0,1,0,0,0,0,1,0,0
1174,0,0,51,2592,0,1,0,0,0,0,0,0,1,0
1175,0,0,52,2593,1,0,0,0,0,0,0,0,1,0
1176,0,0,55,2460,0,1,0,0,0,1,0,0,0,0
1177,0,0,51,2614,0,1,0,0,0,0,0,0,1,0
1178,0,0,48,2244,0,1,0,0,0,0,0,0,0,1
1179,0,0,59,2817,0,0,0,0,1,1,0,0,0,0
1180,0,0,43,2450,0,1,0,0,0,0,0,1,0,0
1181,1,0,61,2679,0,1,0,0,0,0,0,1,0,0
1182,0,0,62,2339,0,1,0,0,0,0,0,0,1,0
1183,0,1,41,2786,1,0,0,0,0,0,0,1,0,0
1184,0,0,63,2475,0,0,0,1,0,0,0,0,1,0
1185,0,0,64,2653,0,1,0,0,0,0,0,0,1,0
1186,0,0,55,2378,0,1,0,0,0,0,0,0,0,1
1187,0,0,30,2402,0,1,0,0,0,0,0,1,0,0
1188,0,0,63,2292,0,0,0,1,0,0,0,0,0,1
1189,0,0,55,2562,0,0,0,1,0,0,0,1,0,0
1190,0,0,63,2419,0,0,0,1,0,0,0,1,0,0
1191,1,0,65,2599,0,0,0,1,0,0,0,1,0,0
1192,0,0,48,2404,0,0,0,1,0,0,0,1,0,0
1193,0,0,51,2633,0,0,0,1,0,0,0,1,0,0
1194,0,0,48,2765,0,1,0,0,0,0,0,1,0,0
1195,0,1,45,2525,0,0,1,0,0,0,0,1,0,0
1196,0,0,55,2506,0,0,1,0,0,0,0,1,0,0
1197,0,0,57,2849,0,0,0,1,0,0,0,0,0,1
1198,0,0,29,2425,0,0,0,1,0,0,0,0,0,1
1199,0,0,57,2685,0,0,1,0,0,0,0,1,0,0
1200,0,0,34,2835,0,0,1,0,0,0,1,0,0,0
1201,0,0,47,2439,0,1,0,0,0,0,0,1,0,0
1202,0,0,63,2678,1,0,0,0,0,1,0,0,0,0
1203,0,0,39,2493,0,1,0,0,0,0,0,1,0,0
1204,0,0,62,2439,0,0,0,0,1,0,0,0,0,1
1205,0,0,61,2586,0,1,0,0,0,0,0,0,0,1
1206,0,0,65,2419,0,0,1,0,0,0,0,0,0,1
1207,0,1,34,2774,0,1,0,0,0,0,0,1,0,0
1208,0,0,45,2477,0,1,0,0,0,0,0,0,1,0
1209,0,0,65,2250,0,1,0,0,0,0,0,0,1,0
1210,0,0,49,2658,1,0,0,0,0,0,0,1,0,0
1211,0,0,34,2524,0,0,0,1,0,0,0,0,0,1
1212,0,0,42,2299,1,0,0,0,0,0,0,1,0,0
1213,0,0,37,2624,0,0,0,1,0,0,0,1,0,0
1214,0,0,44,2217,0,0,0,1,0,0,0,0,0,1
1215,0,0,49,2193,0,1,0,0,0,0,0,1,0,0
1216,0,0,64,2232,0,0,0,1,0,0,0,0,1,0
1217,0,0,48,2427,0,0,0,1,0,0,0,1,0,0
1218,0,0,31,2519,0,1,0,0,0,0,0,1,0,0
1219,0,0,68,2371,0,0,1,0,0,0,0,1,0,0
1220,0,0,36,2321,0,0,1,0,0,0,1,0,0,0
1221,0,0,53,2428,0,1,0,0,0,0,0,0,0,1
1222,0,0,58,2195,0,0,1,0,0,0,0,1,0,0
1223,0,0,73,2229,0,0,0,1,0,0,0,0,1,0
1224,0,0,42,2853,0,0,0,1,0,0,0,0,0,1
1225,0,0,49,2201,1,0,0,0,0,0,0,1,0,0
1226,0,0,28,2732,0,0,1,0,0,0,1,0,0,0
1227,0,0,52,2609,0,0,0,1,0,0,0,1,0,0
1228,0,0,47,2256,0,0,0,1,0,0,0,0,0,1
1229,0,0,45,2195,0,1,0,0,0,0,0,1,0,0
1230,0,1,55,2465,0,1,0,0,0,0,0,0,0,1
1231,0,0,68,2507,0,1,0,0,0,0,0,1,0,0
1232,0,1,53,2651,0,1,0,0,0,0,0,0,0,1
1233,0,0,48,2449,0,1,0,0,0,0,0,1,0,0
1234,0,0,57,2413,1,0,0,0,0,0,0,1,0,0
1235,0,1,50,2858,0,1,0,0,0,0,0,0,0,1
1236,0,1,65,2854,0,1,0,0,0,1,0,0,0,0
1237,0,0,45,2207,0,1,0,0,0,0,0,1,0,0
1238,0,0,44,2261,0,1,0,0,0,0,0,1,0,0
1239,0,0,51,2476,0,0,0,1,0,0,0,1,0,0
1240,0,0,47,2200,1,0,0,0,0,0,0,0,0,1
1241,0,1,37,2562,1,0,0,0,0,0,0,0,0,1
1242,0,0,38,2365,0,0,0,1,0,0,0,0,1,0
1243,0,0,60,2517,0,1,0,0,0,0,0,1,0,0
1244,0,1,68,2274,0,0,1,0,0,0,0,1,0,0
1245,0,1,45,2423,1,0,0,0,0,0,0,1,0,0
1246,0,1,57,2802,0,1,0,0,0,0,0,0,0,1
1247,0,0,50,2665,0,0,0,1,0,0,0,1,0,0
1248,0,0,72,2472,0,1,0,0,0,0,0,0,0,1
1249,0,0,62,2167,0,0,1,0,0,1,0,0,0,0
1250,0,0,76,2242,0,1,0,0,0,0,0,1,0,0
1251,0,0,57,2682,0,0,1,0,0,0,0,0,1,0
1252,0,1,48,2831,0,0,1,0,0,0,0,1,0,0
1253,0,0,54,2626,0,1,0,0,0,0,0,0,1,0
1254,0,0,52,2744,1,0,0,0,0,0,0,0,1,0
1255,0,0,49,2647,0,1,0,0,0,0,0,1,0,0
1256,0,0,45,2354,0,1,0,0,0,0,0,0,1,0
1257,1,0,56,2703,0,1,0,0,0,0,0,1,0,0
1258,0,0,42,2805,1,0,0,0,0,0,0,1,0,0
1259,0,0,45,2371,0,1,0,0,0,0,0,1,0,0
1260,0,1,37,2848,0,0,0,1,0,0,0,1,0,0
1261,0,1,49,2839,1,0,0,0,0,1,0,0,0,0
1262,0,0,63,2806,0,1,0,0,0,0,0,0,0,1
1263,0,0,69,2502,0,0,0,1,0,0,0,0,1,0
1264,0,0,69,2760,0,1,0,0,0,0,1,0,0,0
1265,0,0,50,2631,1,0,0,0,0,0,0,1,0,0
1266,0,1,48,2742,0,1,0,0,0,0,0,0,0,1
1267,0,0,51,2545,0,1,0,0,0,1,0,0,0,0
1268,0,1,48,2663,0,1,0,0,0,0,0,0,1,0
1269,0,0,49,2705,0,1,0,0,0,0,0,1,0,0
1270,0,0,64,2456,0,1,0,0,0,0,0,1,0,0
1271,0,0,49,2492,0,0,1,0,0,0,0,1,0,0
1272,0,0,47,2262,0,1,0,0,0,1,0,0,0,0
1273,0,0,43,2363,0,0,1,0,0,0,0,0,0,1
1274,0,0,57,2237,0,0,1,0,0,0,0,0,0,1
1275,0,0,66,2251,0,0,0,1,0,0,0,0,1,0
1276,0,0,42,2406,0,0,0,1,0,0,0,0,0,1
1277,0,0,54,2529,0,0,0,1,0,0,0,1,0,0
1278,0,1,74,2289,0,1,0,0,0,0,0,1,0,0
1279,0,0,42,2708,0,0,1,0,0,0,0,1,0,0
1280,0,1,67,2641,0,0,0,1,0,0,0,1,0,0
1281,0,0,35,2290,0,1,0,0,0,1,0,0,0,0
1282,0,0,50,2648,1,0,0,0,0,0,0,1,0,0
1283,0,0,41,2764,0,1,0,0,0,0,0,1,0,0
1284,0,0,54,2525,0,0,0,1,0,0,0,1,0,0
1285,0,0,44,2611,0,0,0,1,0,0,0,1,0,0
1286,0,0,55,2196,0,1,0,0,0,0,0,0,0,1
1287,0,1,38,2325,0,1,0,0,0,0,0,1,0,0
1288,0,0,48,2501,0,0,0,1,0,0,0,1,0,0
1289,0,0,60,2308,0,1,0,0,0,0,0,0,0,1
1290,0,0,64,2742,0,0,1,0,0,0,0,0,1,0
1291,0,0,55,2466,0,0,0,1,0,0,0,0,1,0
1292,0,0,65,2394,0,0,0,1,0,1,0,0,0,0
1293,0,0,31,2328,0,1,0,0,0,1,0,0,0,0
1294,0,0,58,2594,0,0,1,0,0,0,0,0,0,1
1295,0,0,55,2430,0,0,0,1,0,0,0,1,0,0
1296,0,0,47,2178,0,1,0,0,0,1,0,0,0,0
1297,0,0,48,2494,0,1,0,0,0,0,0,1,0,0
1298,0,0,36,2307,0,0,0,1,0,0,0,1,0,0
1299,0,0,60,2592,0,1,0,0,0,0,0,0,1,0
1300,0,0,62,2547,0,0,0,1,0,0,0,0,1,0
1301,0,0,52,2332,0,0,0,1,0,0,0,1,0,0
1302,1,1,43,2823,0,0,1,0,0,0,0,1,0,0
1303,0,0,46,2251,0,1,0,0,0,0,1,0,0,0
1304,0,0,58,2659,0,1,0,0,0,0,0,0,1,0
1305,0,0,38,2231,0,1,0,0,0,0,0,1,0,0
1306,0,0,45,2436,0,1,0,0,0,0,0,0,0,1
1307,0,0,38,2358,0,0,1,0,0,0,0,0,1,0
1308,0,1,75,2383,0,0,0,1,0,0,0,0,0,1
1309,0,0,41,2273,0,1,0,0,0,0,0,1,0,0
1310,0,1,51,2723,0,1,0,0,0,0,0,1,0,0
1311,0,0,58,2443,0,1,0,0,0,0,0,1,0,0
1312,0,0,72,2494,0,0,1,0,0,0,0,1,0,0
1313,0,1,42,2839,0,1,0,0,0,0,0,0,1,0
1314,0,0,45,2444,0,1,0,0,0,0,0,1,0,0
1315,0,0,38,2576,0,0,0,1,0,0,0,1,0,0
1316,0,0,37,2229,0,1,0,0,0,0,0,0,1,0
1317,0,0,68,2415,0,0,0,0,1,0,0,1,0,0
1318,0,1,38,2849,0,0,1,0,0,0,0,1,0,0
1319,0,0,58,2190,0,0,0,1,0,0,0,1,0,0
1320,0,0,43,2744,0,1,0,0,0,0,0,0,1,0
1321,0,1,71,2795,0,1,0,0,0,0,0,0,1,0
1322,0,0,30,2657,0,1,0,0,0,0,0,1,0,0
1323,0,0,38,2625,0,0,1,0,0,0,1,0,0,0
1324,0,0,45,2653,0,0,1,0,0,0,0,1,0,0
1325,0,0,61,2663,0,1,0,0,0,1,0,0,0,0
1326,0,0,37,2533,0,1,0,0,0,0,0,0,0,1
1327,0,0,44,2461,0,0,0,1,0,0,0,1,0,0
1328,0,1,58,2581,1,0,0,0,0,0,0,0,0,1
1329,0,0,64,2615,0,0,0,1,0,0,0,0,0,1
1330,0,1,27,2410,0,0,1,0,0,0,0,1,0,0
1331,0,0,33,2757,0,0,0,1,0,0,0,1,0,0
1332,0,0,55,2312,0,1,0,0,0,0,0,1,0,0
1333,0,1,38,2756,0,1,0,0,0,0,0,1,0,0
1334,0,0,58,2628,0,0,1,0,0,0,0,1,0,0
1335,0,0,42,2592,0,1,0,0,0,0,0,1,0,0
1336,0,0,74,2221,0,0,1,0,0,0,0,0,0,1
1337,0,0,57,2341,0,0,1,0,0,0,0,1,0,0
1338,0,0,49,2427,0,0,1,0,0,0,0,0,1,0
1339,0,0,52,2800,0,0,0,1,0,0,0,1,0,0
1340,0,0,28,2377,0,1,0,0,0,0,1,0,0,0
1341,0,0,46,2554,1,0,0,0,0,0,0,1,0,0
1342,0,0,70,2857,0,0,0,1,0,1,0,0,0,0
1343,0,0,43,2498,1,0,0,0,0,1,0,0,0,0
1344,0,1,62,2822,0,0,1,0,0,0,0,0,1,0
1345,0,0,44,2393,0,0,1,0,0,0,0,1,0,0
1346,0,0,47,2375,0,1,0,0,0,0,0,1,0,0
1347,0,0,52,2344,1,0,0,0,0,0,0,0,1,0
1348,0,0,62,2206,0,1,0,0,0,0,0,1,0,0
1349,0,0,45,2220,0,0,1,0,0,0,0,1,0,0
1350,0,0,60,2345,0,0,0,1,0,1,0,0,0,0
1351,0,0,55,2578,0,0,1,0,0,0,0,0,1,0
1352,0,0,60,2792,1,0,0,0,0,0,0,0,0,1
1353,0,0,51,2642,0,1,0,0,0,0,0,0,0,1
1354,0,0,60,2733,0,0,1,0,0,0,0,1,0,0
1355,0,0,45,2340,0,0,1,0,0,0,0,1,0,0
1356,0,1,35,2472,0,1,0,0,0,0,0,1,0,0
1357,0,0,49,2528,0,0,0,1,0,0,0,0,1,0
1358,0,0,65,2214,1,0,0,0,0,0,0,0,1,0
1359,0,0,64,2520,0,0,0,1,0,1,0,0,0,0
1360,0,0,47,2790,0,1,0,0,0,0,0,1,0,0
1361,0,0,72,2324,0,1,0,0,0,0,0,1,0,0
1362,0,0,44,2472,0,0,0,1,0,1,0,0,0,0
1363,0,0,40,2719,0,0,0,1,0,0,0,1,0,0
1364,0,0,41,2217,0,0,0,1,0,0,0,1,0,0
1365,0,0,48,2420,0,1,0,0,0,0,0,0,1,0
1366,0,0,47,2428,0,0,0,1,0,0,0,1,0,0
1367,0,0,48,2278,0,0,0,1,0,0,0,0,0,1
1368,0,0,45,2756,0,0,1,0,0,1,0,0,0,0
1369,0,0,48,2204,0,1,0,0,0,0,0,0,0,1
1370,0,0,64,2493,0,1,0,0,0,0,0,0,1,0
1371,0,0,46,2197,1,0,0,0,0,0,0,1,0,0
1372,0,0,48,2301,1,0,0,0,0,0,0,1,0,0
1373,0,0,52,2593,1,0,0,0,0,0,0,0,1,0
1374,0,0,51,2725,0,1,0,0,0,0,0,0,0,1
1375,0,0,59,2832,0,1,0,0,0,0,0,1,0,0
1376,0,0,48,2251,0,1,0,0,0,0,0,1,0,0
1377,0,0,67,2228,0,1,0,0,0,0,0,1,0,0
1378,0,1,63,2844,0,0,1,0,0,0,0,1,0,0
1379,0,0,50,2784,0,1,0,0,0,0,0,0,1,0
1380,0,0,53,2850,0,1,0,0,0,0,0,0,0,1
1381,0,0,69,2603,0,0,0,1,0,0,0,0,1,0
1382,0,0,67,2353,0,1,0,0,0,0,0,0,1,0
1383,0,0,70,2818,0,1,0,0,0,0,0,1,0,0
1384,0,1,67,2820,1,0,0,0,0,0,0,0,0,1
1385,0,0,43,2798,0,1,0,0,0,0,0,0,0,1
1386,0,1,48,2564,0,1,0,0,0,0,0,1,0,0
1387,0,0,51,2290,0,1,0,0,0,0,0,0,1,0
1388,0,1,76,2317,0,1,0,0,0,0,0,1,0,0
1389,0,0,30,2660,0,0,1,0,0,0,0,1,0,0
1390,0,0,41,2543,0,0,1,0,0,0,0,1,0,0
1391,0,0,54,2688,0,0,0,1,0,0,1,0,0,0
1392,0,0,72,2285,0,0,0,1,0,0,0,1,0,0
1393,0,0,48,2264,0,1,0,0,0,0,0,1,0,0
1394,0,0,47,2311,0,1,0,0,0,0,0,1,0,0
1395,0,0,48,2238,0,0,0,1,0,0,0,0,0,1
1396,0,0,48,2418,0,0,1,0,0,1,0,0,0,0
1397,0,0,54,2754,0,0,1,0,0,0,0,1,0,0
1398,0,0,51,2292,0,0,0,1,0,0,0,0,0,1
1399,0,0,61,2707,0,1,0,0,0,0,0,1,0,0
1400,0,0,50,2580,0,1,0,0,0,0,0,1,0,0
1401,0,0,46,2601,0,1,0,0,0,0,0,0,0,1
1402,0,0,48,2445,0,1,0,0,0,0,0,0,0,1
1403,0,0,62,2250,0,0,1,0,0,1,0,0,0,0
1404,0,0,48,2641,0,0,1,0,0,0,0,1,0,0
1405,0,0,37,2609,0,1,0,0,0,0,0,0,1,0
1406,0,0,47,2295,1,0,0,0,0,1,0,0,0,0
1407,0,0,35,2351,0,1,0,0,0,0,0,1,0,0
1408,0,0,47,2347,0,0,1,0,0,0,0,1,0,0
1409,0,0,53,2401,1,0,0,0,0,0,0,1,0,0
1410,0,0,41,2580,0,1,0,0,0,1,0,0,0,0
1411,0,0,59,2832,0,1,0,0,0,0,0,1,0,0
1412,0,0,34,2679,0,0,0,1,0,1,0,0,0,0
1413,0,0,56,2226,0,1,0,0,0,0,0,1,0,0
1414,0,0,37,2659,0,1,0,0,0,0,0,1,0,0
1415,0,0,68,2505,0,0,0,1,0,0,0,1,0,0
1416,0,0,71,2440,0,1,0,0,0,0,0,0,1,0
1417,0,1,41,2823,0,0,0,1,0,0,0,1,0,0
1418,0,1,72,2772,0,0,0,0,1,0,0,0,1,0
1419,0,0,74,2434,0,0,0,1,0,0,0,1,0,0
1420,0,0,62,2416,0,1,0,0,0,0,0,1,0,0
1421,0,0,49,2719,0,1,0,0,0,1,0,0,0,0
1422,0,0,63,2734,0,1,0,0,0,0,0,1,0,0
1423,0,0,38,2406,0,0,0,1,0,0,0,0,0,1
1424,0,0,47,2257,0,0,0,1,0,1,0,0,0,0
1425,0,0,48,2656,0,0,0,1,0,0,0,1,0,0
1426,0,0,55,2179,0,1,0,0,0,0,0,1,0,0
1427,0,1,67,2387,0,0,1,0,0,0,0,1,0,0
1428,0,0,53,2431,0,0,1,0,0,0,0,0,0,1
1429,0,0,55,2829,0,0,0,1,0,0,0,0,0,1
1430,0,0,51,2163,0,0,0,1,0,0,0,1,0,0
1431,0,1,49,2783,1,0,0,0,0,0,0,1,0,0
1432,0,0,48,2692,0,0,0,1,0,0,0,1,0,0
1433,0,1,50,2296,0,0,1,0,0,0,0,1,0,0
1434,0,1,46,2812,0,1,0,0,0,0,0,0,0,1
1435,0,0,70,2313,0,0,0,0,1,0,0,0,1,0
1436,1,0,61,2473,0,0,0,1,0,0,0,1,0,0
1437,0,0,65,2236,0,0,0,1,0,0,0,0,0,1
1438,0,0,42,2170,0,0,0,1,0,0,0,1,0,0
1439,0,0,34,2515,0,1,0,0,0,0,0,0,1,0
1440,0,0,57,2533,1,0,0,0,0,0,0,0,1,0
1441,0,0,67,2660,0,1,0,0,0,0,0,1,0,0
1442,0,0,68,2572,0,0,0,1,0,0,0,1,0,0
1443,0,0,70,2300,0,1,0,0,0,0,0,0,0,1
1444,0,0,50,2688,0,0,0,1,0,0,0,1,0,0
1445,0,0,50,2349,0,1,0,0,0,1,0,0,0,0
1446,0,0,43,2582,0,1,0,0,0,0,0,1,0,0
1447,0,0,54,2587,0,0,1,0,0,0,0,1,0,0
1448,0,1,51,2825,0,1,0,0,0,0,0,0,0,1
1449,0,0,62,2749,0,1,0,0,0,0,0,1,0,0
1450,0,0,66,2661,0,0,0,1,0,0,0,1,0,0
1451,0,0,64,2742,0,0,1,0,0,0,0,0,1,0
1452,0,0,50,2398,0,1,0,0,0,0,0,0,0,1
1453,0,0,33,2403,0,0,1,0,0,0,0,0,1,0
1454,0,0,59,2315,0,1,0,0,0,0,0,0,0,1
1455,0,0,41,2613,0,0,1,0,0,0,0,1,0,0
1456,0,0,60,2826,0,0,0,1,0,0,0,1,0,0
1457,0,0,39,2415,0,0,0,1,0,1,0,0,0,0
1458,0,0,40,2470,0,1,0,0,0,0,0,1,0,0
1459,0,0,44,2855,0,0,0,1,0,1,0,0,0,0
1460,0,0,44,2642,0,0,1,0,0,0,0,0,1,0
1461,0,0,50,2166,0,0,0,1,0,0,0,0,1,0
1462,0,0,74,2178,0,0,0,1,0,0,0,0,0,1
1463,0,0,65,2693,0,1,0,0,0,0,0,1,0,0
1464,0,0,48,2390,0,0,0,1,0,0,0,0,1,0
1465,0,1,49,2529,0,1,0,0,0,0,0,0,0,1
1466,0,0,70,2683,1,0,0,0,0,0,0,0,0,1
1467,0,1,32,2496,0,0,0,1,0,0,0,1,0,0
1468,0,0,42,2430,0,0,0,1,0,0,0,1,0,0
1469,0,0,30,2359,0,1,0,0,0,0,0,1,0,0
1470,0,0,61,2313,0,1,0,0,0,0,0,1,0,0
1471,0,0,43,2369,1,0,0,0,0,0,0,1,0,0
1472,0,1,51,2841,0,0,0,1,0,0,0,0,0,1
1473,0,0,61,2752,0,0,0,1,0,0,0,1,0,0
1474,0,0,32,2691,0,1,0,0,0,0,0,1,0,0
1475,0,0,45,2662,0,0,0,1,0,0,0,0,1,0
1476,0,0,47,2295,1,0,0,0,0,1,0,0,0,0
1477,0,1,43,2840,0,1,0,0,0,0,0,1,0,0
1478,0,0,47,2760,0,1,0,0,0,0,0,0,1,0
1479,0,1,65,2837,0,0,1,0,0,0,0,0,0,1
1480,0,0,46,2260,0,1,0,0,0,0,0,0,1,0
1481,0,0,48,2514,0,1,0,0,0,0,0,0,1,0
1482,0,0,45,2758,0,0,0,1,0,1,0,0,0,0
1483,0,0,49,2406,0,1,0,0,0,0,0,0,0,1
1484,0,0,62,2545,0,0,0,1,0,0,0,1,0,0
1485,0,0,32,2306,0,1,0,0,0,0,0,1,0,0
1486,0,0,45,2839,0,0,1,0,0,0,0,0,1,0
1487,0,0,55,2740,0,1,0,0,0,0,0,1,0,0
1488,0,0,34,2222,0,1,0,0,0,0,0,1,0,0
1489,0,1,43,2584,0,0,0,1,0,1,0,0,0,0
1490,0,0,40,2269,0,0,1,0,0,0,0,1,0,0
1491,0,0,58,2737,0,1,0,0,0,0,0,1,0,0
1492,0,0,42,2452,0,1,0,0,0,0,0,1,0,0
1493,0,0,48,2441,0,1,0,0,0,0,0,0,1,0
1494,0,1,50,2754,0,0,1,0,0,0,0,1,0,0
1495,0,1,37,2550,0,0,1,0,0,0,0,0,0,1
1496,0,0,49,2558,0,0,0,1,0,0,0,1,0,0
1497,0,0,44,2301,0,0,1,0,0,0,0,1,0,0
1498,0,0,47,2213,0,1,0,0,0,0,0,0,0,1
1499,0,0,47,2601,0,0,1,0,0,0,0,1,0,0
1500,0,0,44,2745,0,1,0,0,0,0,0,1,0,0
1501,0,0,72,2244,0,0,0,0,1,0,0,0,0,1
1502,0,0,62,2724,0,0,0,1,0,0,0,1,0,0
1503,0,1,33,2284,0,0,1,0,0,0,0,0,0,1
1504,0,0,60,2621,0,0,0,1,0,0,0,1,0,0
1505,0,0,45,2724,0,1,0,0,0,1,0,0,0,0
1506,0,0,62,2569,0,0,0,1,0,1,0,0,0,0
1507,0,0,45,2174,0,1,0,0,0,0,0,0,0,1
1508,0,1,45,2839,0,0,1,0,0,0,0,0,1,0
1509,0,0,32,2822,0,1,0,0,0,1,0,0,0,0
1510,0,0,32,2791,0,0,1,0,0,1,0,0,0,0
1511,0,0,31,2350,0,0,1,0,0,0,0,1,0,0
1512,0,1,61,2363,0,0,0,0,1,0,0,0,0,1
1513,0,0,49,2780,0,1,0,0,0,0,0,0,0,1
1514,0,0,53,2692,0,0,1,0,0,0,0,0,1,0
1515,0,0,31,2252,0,0,0,1,0,0,0,1,0,0
1516,0,0,59,2637,0,0,0,1,0,0,0,0,1,0
1517,0,0,42,2736,0,1,0,0,0,0,0,1,0,0
1518,0,0,67,2558,0,0,1,0,0,0,0,0,0,1
1519,0,0,56,2826,1,0,0,0,0,0,0,1,0,0
1520,0,0,34,2691,0,0,0,1,0,0,0,0,1,0
1521,0,0,33,2459,0,1,0,0,0,1,0,0,0,0
1522,0,1,57,2756,0,0,1,0,0,0,0,1,0,0
1523,0,0,63,2684,0,0,0,0,1,0,0,1,0,0
1524,0,0,45,2616,0,1,0,0,0,1,0,0,0,0
1525,0,0,69,2419,1,0,0,0,0,0,0,0,1,0
1526,0,0,55,2272,0,1,0,0,0,1,0,0,0,0
1527,0,0,64,2824,0,1,0,0,0,0,0,1,0,0
1528,0,0,58,2196,0,0,0,1,0,0,0,1,0,0
1529,0,0,46,2845,0,1,0,0,0,0,0,1,0,0
1530,0,0,53,2446,0,1,0,0,0,0,0,0,1,0
1531,0,1,58,2768,0,0,0,1,0,0,0,0,1,0
1532,0,0,44,2539,1,0,0,0,0,0,0,1,0,0
1533,0,0,59,2681,1,0,0,0,0,0,0,1,0,0
1534,0,0,44,2502,1,0,0,0,0,0,0,0,0,1
1535,0,0,37,2659,0,1,0,0,0,0,0,1,0,0
1536,0,0,44,2396,0,1,0,0,0,0,0,0,1,0
1537,0,0,32,2764,0,1,0,0,0,0,0,1,0,0
1538,0,0,66,2170,1,0,0,0,0,0,0,1,0,0
1539,0,0,35,2172,0,1,0,0,0,0,0,1,0,0
1540,0,0,68,2685,0,0,1,0,0,0,0,1,0,0
1541,0,0,56,2733,0,0,1,0,0,0,0,0,1,0
1542,0,0,66,2234,0,0,0,1,0,0,0,1,0,0
1543,0,1,70,2799,0,1,0,0,0,0,0,0,0,1
1544,0,0,63,2618,0,1,0,0,0,0,0,0,0,1
1545,0,1,74,2741,0,0,1,0,0,0,0,0,0,1
1546,1,0,66,2762,0,1,0,0,0,0,0,1,0,0
1547,0,1,29,2295,0,0,1,0,0,0,0,0,1,0
1548,0,0,34,2403,0,1,0,0,0,0,0,0,1,0
1549,0,1,43,2840,0,1,0,0,0,0,0,1,0,0
1550,0,0,60,2616,0,0,0,1,0,0,0,0,0,1
1551,0,1,38,2257,0,0,0,1,0,0,0,1,0,0
1552,0,0,73,2221,0,0,0,1,0,0,0,0,0,1
1553,0,0,28,2532,0,1,0,0,0,0,0,1,0,0
1554,0,0,44,2681,0,0,1,0,0,0,0,0,1,0
1555,0,0,64,2316,0,0,0,1,0,0,0,1,0,0
1556,0,0,73,2359,0,0,0,1,0,0,0,0,1,0
1557,0,0,70,2368,1,0,0,0,0,0,0,1,0,0
1558,0,0,54,2226,0,0,0,1,0,0,0,0,1,0
1559,0,1,33,2283,1,0,0,0,0,0,0,1,0,0
1560,0,1,47,2200,1,0,0,0,0,0,0,0,0,1
1561,0,1,68,2838,0,0,0,1,0,0,0,0,1,0
1562,0,0,55,2161,0,1,0,0,0,0,0,1,0,0
1563,0,0,40,2604,0,1,0,0,0,0,0,1,0,0
1564,0,0,33,2346,0,1,0,0,0,0,0,1,0,0
1565,0,0,58,2729,0,0,0,1,0,0,0,0,0,1
1566,0,0,65,2659,0,1,0,0,0,0,0,1,0,0
1567,0,0,32,2826,0,0,0,1,0,0,1,0,0,0
1568,0,0,55,2466,0,0,0,1,0,0,0,0,1,0
1569,0,0,53,2244,0,0,1,0,0,0,0,0,0,1
1570,0,1,47,2778,0,0,1,0,0,0,0,0,0,1
1571,0,0,60,2293,0,0,0,1,0,0,0,0,1,0
1572,0,0,36,2416,0,0,1,0,0,0,0,1,0,0
1573,0,0,49,2798,0,1,0,0,0,0,0,1,0,0
1574,0,0,45,2224,0,1,0,0,0,0,0,0,0,1
1575,0,0,55,2526,0,1,0,0,0,0,0,0,1,0
1576,0,0,64,2800,0,1,0,0,0,0,0,0,1,0
1577,0,0,65,2552,1,0,0,0,0,0,0,0,1,0
1578,0,0,60,2462,0,0,0,1,0,0,0,1,0,0
1579,0,0,59,2278,0,1,0,0,0,0,0,1,0,0
1580,0,0,57,2496,0,1,0,0,0,0,0,0,0,1
1581,0,0,43,2688,0,1,0,0,0,0,0,1,0,0
1582,0,0,30,2615,0,0,1,0,0,1,0,0,0,0
1583,0,0,47,2271,0,1,0,0,0,0,0,0,1,0
1584,0,0,56,2238,0,1,0,0,0,0,0,0,0,1
1585,0,0,32,2847,0,0,1,0,0,0,0,1,0,0
1586,0,0,42,2731,0,1,0,0,0,1,0,0,0,0
1587,0,1,30,2475,0,0,1,0,0,0,0,1,0,0
1588,0,0,45,2483,0,0,1,0,0,0,0,1,0,0
1589,0,1,43,2341,0,1,0,0,0,0,0,1,0,0
1590,0,0,36,2426,0,1,0,0,0,0,0,1,0,0
1591,0,0,37,2404,0,0,0,1,0,0,0,1,0,0
1592,0,0,33,2201,0,0,1,0,0,0,0,1,0,0
1593,0,0,55,2312,0,1,0,0,0,0,0,1,0,0
1594,0,0,64,2757,0,1,0,0,0,0,0,0,1,0
1595,0,0,55,2472,0,0,0,1,0,0,0,0,0,1
1596,0,0,49,2692,0,1,0,0,0,0,0,1,0,0
1597,0,0,38,2801,0,0,0,1,0,1,0,0,0,0
1598,0,0,61,2688,0,0,1,0,0,0,0,1,0,0
1599,0,0,57,2681,0,0,0,1,0,0,0,1,0,0
1600,0,0,68,2277,0,1,0,0,0,0,0,0,0,1
1601,0,0,49,2818,0,0,0,0,1,0,0,0,0,1
1602,0,0,57,2628,1,0,0,0,0,0,0,0,0,1
1603,0,1,38,2286,0,0,0,1,0,0,0,1,0,0
1604,0,0,44,2406,0,0,0,1,0,1,0,0,0,0
1605,0,0,73,2461,0,0,0,1,0,0,0,0,0,1
1606,0,0,51,2410,0,0,0,1,0,0,0,0,0,1
1607,0,0,61,2256,0,1,0,0,0,0,0,0,0,1
1608,0,0,42,2534,0,0,0,1,0,0,0,1,0,0
1609,0,0,72,2423,0,0,0,1,0,0,0,0,0,1
1610,0,0,65,2602,0,1,0,0,0,0,0,0,0,1
1611,0,0,66,2536,1,0,0,0,0,0,0,1,0,0
1612,0,0,75,2429,0,1,0,0,0,0,0,1,0,0
1613,0,0,51,2169,0,1,0,0,0,0,0,1,0,0
1614,0,0,44,2526,0,0,0,1,0,0,0,0,1,0
1615,0,0,51,2257,0,0,0,1,0,0,0,0,1,0
1616,0,1,56,2438,1,0,0,0,0,0,0,0,0,1
1617,0,0,39,2769,0,0,0,1,0,0,0,1,0,0
1618,0,0,41,2360,0,0,0,1,0,0,1,0,0,0
1619,0,0,39,2217,0,0,0,1,0,1,0,0,0,0
1620,0,0,60,2574,1,0,0,0,0,0,0,0,1,0
1621,0,0,46,2358,0,1,0,0,0,0,0,0,1,0
1622,0,0,39,2172,0,0,1,0,0,0,0,1,0,0
1623,0,1,53,2566,1,0,0,0,0,0,0,1,0,0
1624,0,0,70,2212,0,0,0,0,1,0,0,0,0,1
1625,0,0,38,2282,0,1,0,0,0,0,0,1,0,0
1626,0,1,59,2837,0,0,1,0,0,0,0,1,0,0
1627,0,1,57,2819,0,0,0,0,1,0,0,1,0,0
1628,0,0,73,2501,0,0,0,0,1,0,0,0,0,1
1629,0,0,42,2272,0,0,1,0,0,0,0,0,1,0
1630,0,0,66,2556,0,0,0,1,0,0,0,0,1,0
1631,0,0,66,2306,0,1,0,0,0,0,0,0,0,1
1632,0,0,48,2499,0,0,0,1,0,1,0,0,0,0
1633,0,1,39,2165,0,0,1,0,0,0,0,1,0,0
1634,0,0,62,2582,0,0,1,0,0,0,0,0,0,1
1635,0,0,52,2569,0,0,0,1,0,0,0,1,0,0
1636,0,0,44,2190,1,0,0,0,0,0,0,1,0,0
1637,0,0,54,2329,0,0,1,0,0,0,0,1,0,0
1638,0,0,31,2450,0,0,1,0,0,0,0,0,0,1
1639,0,0,35,2534,0,0,1,0,0,1,0,0,0,0
1640,0,0,53,2472,0,1,0,0,0,0,0,0,0,1
1641,0,0,61,2341,0,1,0,0,0,0,0,0,0,1
1642,0,0,50,2381,0,1,0,0,0,0,0,0,0,1
1643,0,1,53,2651,0,1,0,0,0,0,0,0,0,1
1644,0,1,35,2493,0,0,1,0,0,0,0,0,0,1
1645,0,0,69,2456,0,0,0,1,0,0,0,1,0,0
1646,0,1,34,2693,0,1,0,0,0,0,0,0,1,0
1647,0,0,65,2550,0,1,0,0,0,1,0,0,0,0
1648,0,0,50,2743,0,1,0,0,0,0,0,1,0,0
1649,0,0,29,2737,0,0,0,1,0,1,0,0,0,0
1650,0,0,45,2620,0,1,0,0,0,0,0,1,0,0
1651,0,0,41,2526,0,0,1,0,0,0,1,0,0,0
1652,0,0,44,2661,0,1,0,0,0,0,0,0,0,1
1653,0,0,40,2316,0,1,0,0,0,0,0,1,0,0
1654,0,0,42,2423,0,0,0,1,0,0,0,1,0,0
1655,0,0,49,2322,0,0,0,1,0,0,0,1,0,0
1656,0,0,65,2762,0,1,0,0,0,0,0,0,0,1
1657,0,0,37,2184,0,1,0,0,0,0,0,0,0,1
1658,0,0,68,2406,0,1,0,0,0,0,0,1,0,0
1659,0,0,51,2255,0,1,0,0,0,0,0,1,0,0
1660,0,1,40,2849,1,0,0,0,0,0,0,0,1,0
1661,0,1,52,2500,0,0,0,1,0,0,0,1,0,0
1662,0,0,49,2700,0,0,1,0,0,0,0,1,0,0
1663,0,0,31,2504,0,0,1,0,0,0,0,1,0,0
1664,0,0,69,2504,0,0,1,0,0,0,0,1,0,0
1665,0,0,33,2517,1,0,0,0,0,0,0,0,1,0
1666,0,0,35,2654,0,1,0,0,0,0,0,0,0,1
1667,0,0,39,2830,0,0,1,0,0,1,0,0,0,0
1668,0,0,30,2704,0,1,0,0,0,0,0,1,0,0
1669,0,0,68,2561,1,0,0,0,0,0,0,1,0,0
1670,0,0,49,2807,0,0,0,1,0,1,0,0,0,0
1671,0,0,37,2646,0,1,0,0,0,0,0,0,0,1
1672,0,0,63,2804,1,0,0,0,0,0,0,0,0,1
1673,0,0,69,2275,0,0,0,0,1,0,0,0,1,0
1674,0,0,44,2826,0,1,0,0,0,0,0,1,0,0
1675,0,0,65,2250,0,1,0,0,0,0,0,0,1,0
1676,0,0,31,2380,0,0,1,0,0,0,0,1,0,0
1677,0,0,47,2259,0,0,0,1,0,0,0,0,0,1
1678,0,1,47,2794,0,0,0,1,0,0,1,0,0,0
1679,0,0,36,2438,0,1,0,0,0,0,0,0,0,1
1680,0,0,64,2806,0,0,0,1,0,0,0,0,1,0
1681,0,0,55,2841,0,0,0,1,0,0,0,1,0,0
1682,0,0,42,2337,0,1,0,0,0,0,0,1,0,0
1683,0,0,47,2279,0,1,0,0,0,0,0,0,0,1
1684,0,1,34,2171,0,1,0,0,0,0,0,1,0,0
1685,0,1,61,2464,0,1,0,0,0,0,0,0,1,0
1686,0,0,42,2605,0,0,0,1,0,0,0,1,0,0
1687,0,0,54,2755,0,1,0,0,0,0,0,1,0,0
1688,0,0,28,2190,0,0,1,0,0,0,1,0,0,0
1689,0,0,36,2752,0,0,0,1,0,0,0,1,0,0
1690,0,0,64,2564,0,0,1,0,0,0,0,1,0,0
1691,0,0,43,2211,0,1,0,0,0,0,0,1,0,0
1692,0,0,46,2456,0,0,0,1,0,0,0,1,0,0
1693,0,1,44,2740,0,1,0,0,0,0,0,0,0,1
1694,1,0,41,2691,0,1,0,0,0,0,0,1,0,0
1695,0,1,37,2583,0,1,0,0,0,0,0,0,0,1
1696,0,1,29,2356,0,0,1,0,0,0,0,1,0,0
1697,0,0,58,2247,0,0,0,0,1,0,0,0,0,1
1698,0,1,38,2311,0,0,1,0,0,0,0,0,0,1
1699,0,1,41,2231,0,0,1,0,0,0,0,0,1,0
1700,0,1,65,2767,0,0,0,1,0,0,0,1,0,0
1701,0,0,55,2697,0,0,1,0,0,0,1,0,0,0
1702,0,0,59,2637,0,0,0,1,0,0,0,0,1,0
1703,0,0,69,2656,0,1,0,0,0,0,0,1,0,0
1704,0,0,56,2257,0,0,0,1,0,0,0,0,0,1
1705,0,0,61,2707,0,1,0,0,0,0,0,1,0,0
1706,0,0,65,2587,1,0,0,0,0,0,0,1,0,0
1707,0,0,54,2268,0,0,0,1,0,0,0,1,0,0
1708,0,0,62,2578,0,0,1,0,0,1,0,0,0,0
1709,0,0,66,2655,1,0,0,0,0,0,0,1,0,0
1710,0,0,53,2225,0,0,1,0,0,0,0,1,0,0
1711,0,0,57,2374,0,1,0,0,0,0,0,1,0,0
1712,0,0,61,2195,0,1,0,0,0,0,0,1,0,0
1713,0,0,49,2359,0,1,0,0,0,0,0,0,0,1
1714,0,0,56,2225,0,0,0,1,0,0,0,1,0,0
1715,0,0,37,2596,0,0,0,1,0,0,0,1,0,0
1716,0,1,75,2191,0,0,1,0,0,0,0,0,0,1
1717,0,1,73,2688,0,0,0,1,0,0,0,1,0,0
1718,0,0,51,2684,1,0,0,0,0,0,0,0,0,1
1719,0,0,68,2770,0,1,0,0,0,0,0,1,0,0
1720,0,0,73,2745,0,0,0,1,0,0,1,0,0,0
1721,0,0,74,2433,0,1,0,0,0,0,0,0,1,0
1722,0,0,51,2555,1,0,0,0,0,0,0,1,0,0
1723,0,0,71,2642,0,1,0,0,0,0,0,0,0,1
1724,0,1,59,2780,0,0,0,1,0,0,0,0,0,1
1725,0,0,46,2814,0,1,0,0,0,0,0,1,0,0
1726,0,0,40,2281,0,0,1,0,0,1,0,0,0,0
1727,0,1,71,2661,0,0,0,0,1,0,0,0,0,1
1728,0,0,49,2710,0,0,0,0,1,0,0,1,0,0
1729,0,0,41,2628,0,0,1,0,0,0,1,0,0,0
1730,0,0,52,2394,0,1,0,0,0,0,0,1,0,0
1731,0,1,49,2488,0,0,1,0,0,0,0,0,1,0
1732,0,0,65,2209,0,1,0,0,0,0,0,0,0,1
1733,0,0,48,2558,0,1,0,0,0,0,0,1,0,0
1734,0,0,56,2451,0,1,0,0,0,1,0,0,0,0
1735,0,0,41,2635,1,0,0,0,0,1,0,0,0,0
1736,0,0,45,2408,0,0,0,1,0,0,0,1,0,0
1737,0,0,43,2472,0,1,0,0,0,0,0,1,0,0
1738,0,0,34,2454,0,1,0,0,0,1,0,0,0,0
1739,0,0,64,2619,0,1,0,0,0,0,0,1,0,0
1740,0,0,40,2172,0,0,1,0,0,0,0,0,0,1
1741,0,0,38,2576,0,0,0,1,0,0,0,1,0,0
1742,0,0,59,2173,0,1,0,0,0,0,1,0,0,0
1743,0,0,45,2411,0,1,0,0,0,0,0,0,1,0
1744,0,1,46,2808,1,0,0,0,0,0,0,0,0,1
1745,0,0,74,2596,0,1,0,0,0,0,0,0,0,1
1746,0,0,35,2791,0,0,1,0,0,0,0,1,0,0
1747,0,0,68,2545,0,0,0,1,0,0,0,0,0,1
1748,0,0,53,2262,0,1,0,0,0,0,0,1,0,0
1749,0,1,65,2767,0,0,0,1,0,0,0,1,0,0
1750,0,0,35,2828,0,0,1,0,0,0,0,1,0,0
1751,0,0,43,2783,0,1,0,0,0,0,0,0,0,1
1752,0,0,47,2486,0,0,0,1,0,0,0,0,0,1
1753,0,0,36,2491,0,1,0,0,0,1,0,0,0,0
1754,0,0,41,2718,0,0,1,0,0,0,1,0,0,0
1755,0,0,44,2291,0,0,1,0,0,0,0,0,0,1
1756,0,0,52,2782,0,1,0,0,0,0,0,1,0,0
1757,0,0,61,2372,0,0,0,1,0,0,0,1,0,0
1758,0,1,49,2703,0,0,0,1,0,0,0,1,0,0
1759,0,0,53,2762,0,0,1,0,0,0,0,1,0,0
1760,0,0,47,2805,0,1,0,0,0,0,0,1,0,0
1761,0,0,37,2361,0,0,0,1,0,0,0,1,0,0
1762,0,0,41,2829,0,0,0,1,0,1,0,0,0,0
1763,0,0,41,2398,0,0,0,1,0,0,0,1,0,0
1764,0,0,70,2487,0,0,0,1,0,0,0,1,0,0
1765,0,0,57,2237,0,0,1,0,0,0,0,0,0,1
1766,0,0,58,2477,0,0,0,1,0,1,0,0,0,0
1767,0,0,44,2301,0,0,1,0,0,0,0,1,0,0
1768,0,0,68,2510,0,0,0,1,0,0,0,1,0,0
1769,0,0,60,2539,0,1,0,0,0,0,0,0,1,0
1770,0,0,65,2428,0,0,1,0,0,0,0,1,0,0
1771,0,0,43,2233,0,0,1,0,0,0,0,0,1,0
1772,0,0,56,2182,0,0,0,1,0,0,0,1,0,0
1773,0,0,39,2217,0,0,0,1,0,1,0,0,0,0
1774,0,0,44,2161,0,0,0,1,0,0,0,1,0,0
1775,0,0,46,2782,0,0,0,1,0,0,0,1,0,0
1776,0,0,69,2586,0,0,0,1,0,0,0,0,1,0
1777,0,1,54,2625,0,0,1,0,0,0,0,1,0,0
1778,0,0,69,2329,0,1,0,0,0,0,0,1,0,0
1779,0,0,62,2545,0,0,0,1,0,0,0,1,0,0
1780,0,0,54,2363,0,0,1,0,0,0,0,0,0,1
1781,0,0,56,2549,0,0,1,0,0,0,0,1,0,0
1782,0,1,64,2221,0,1,0,0,0,0,0,1,0,0
1783,0,0,46,2760,0,0,1,0,0,0,0,0,0,1
1784,0,0,54,2792,0,0,0,1,0,0,0,1,0,0
1785,0,0,57,2749,0,0,1,0,0,0,0,0,0,1
1786,0,0,51,2160,0,1,0,0,0,0,0,0,1,0
1787,0,0,28,2684,0,0,0,1,0,0,0,1,0,0
1788,0,0,66,2659,1,0,0,0,0,0,0,1,0,0
1789,0,0,37,2502,0,0,0,1,0,0,0,0,0,1
1790,0,0,38,2433,0,0,0,1,0,1,0,0,0,0
1791,0,1,69,2504,0,0,1,0,0,0,0,1,0,0
1792,0,0,64,2461,0,1,0,0,0,0,0,1,0,0
1793,0,0,59,2173,0,0,0,1,0,0,0,0,0,1
1794,0,0,58,2242,0,0,0,1,0,0,0,1,0,0
1795,0,0,49,2420,1,0,0,0,0,0,0,0,1,0
1796,0,0,49,2427,0,0,1,0,0,0,0,0,1,0
1797,0,0,52,2483,0,1,0,0,0,0,0,1,0,0
1798,0,0,42,2822,0,0,0,1,0,1,0,0,0,0
1799,0,0,51,2446,0,1,0,0,0,0,0,1,0,0
1800,0,0,55,2467,0,0,0,0,1,0,0,0,0,1
1801,0,1,34,2658,0,0,0,1,0,0,0,1,0,0
1802,0,0,62,2561,0,1,0,0,0,0,0,0,1,0
1803,0,1,45,2562,0,0,0,1,0,0,0,0,1,0
1804,0,0,33,2423,0,0,1,0,0,0,0,1,0,0
1805,0,0,61,2630,0,0,0,1,0,0,0,1,0,0
1806,0,0,58,2656,0,1,0,0,0,0,0,0,0,1
1807,0,0,46,2260,0,0,0,1,0,0,0,1,0,0
1808,0,1,43,2450,0,1,0,0,0,0,0,1,0,0
1809,0,0,42,2725,0,0,0,1,0,0,0,1,0,0
1810,0,0,50,2452,0,1,0,0,0,0,0,0,0,1
1811,0,0,63,2623,0,1,0,0,0,0,0,1,0,0
1812,0,0,65,2854,0,1,0,0,0,1,0,0,0,0
1813,0,1,66,2804,1,0,0,0,0,0,0,0,0,1
1814,0,0,38,2662,0,0,0,1,0,0,0,0,0,1
1815,0,1,67,2550,0,0,0,0,1,0,0,0,1,0
1816,0,0,52,2226,1,0,0,0,0,0,0,0,1,0
1817,0,0,63,2461,0,0,0,1,0,0,0,0,1,0
1818,0,0,55,2363,0,0,0,1,0,0,0,0,1,0
1819,0,1,45,2814,0,1,0,0,0,0,0,0,0,1
1820,0,0,57,2165,0,1,0,0,0,0,0,0,0,1
1821,0,0,30,2515,0,1,0,0,0,0,0,1,0,0
1822,0,0,54,2328,0,1,0,0,0,0,0,0,0,1
1823,0,0,32,2306,0,0,1,0,0,0,0,1,0,0
1824,1,1,25,2808,0,0,1,0,0,1,0,0,0,0
1825,0,0,45,2565,0,0,0,1,0,0,0,1,0,0
1826,0,0,42,2767,0,1,0,0,0,0,0,0,0,1
1827,0,1,59,2693,0,0,0,1,0,0,0,1,0,0
1828,0,1,36,2451,0,0,1,0,0,0,0,0,0,1
1829,0,0,49,2480,1,0,0,0,0,0,0,0,1,0
1830,0,0,69,2748,0,0,1,0,0,0,0,0,1,0
1831,0,0,44,2519,0,0,0,1,0,0,0,0,1,0
1832,0,0,48,2678,0,1,0,0,0,0,0,0,0,1
1833,0,0,35,2808,0,0,0,1,0,0,0,1,0,0
1834,0,0,54,2758,0,1,0,0,0,0,0,0,0,1
1835,0,0,45,2355,1,0,0,0,0,1,0,0,0,0
1836,0,0,41,2485,0,0,1,0,0,0,0,1,0,0
1837,0,0,49,2417,0,1,0,0,0,0,0,1,0,0
1838,0,1,38,2756,0,1,0,0,0,0,0,1,0,0
1839,0,1,47,2789,0,0,0,0,1,0,0,1,0,0
1840,0,0,52,2455,0,0,0,1,0,0,0,0,1,0
1841,0,0,36,2208,0,0,1,0,0,0,0,1,0,0
1842,0,0,49,2795,0,0,0,1,0,0,0,0,1,0
1843,0,1,43,2270,0,0,0,1,0,1,0,0,0,0
1844,0,0,53,2279,1,0,0,0,0,0,0,0,0,1
1845,0,0,56,2541,1,0,0,0,0,0,0,1,0,0
1846,0,0,48,2233,0,0,1,0,0,0,0,1,0,0
1847,0,0,72,2702,0,0,1,0,0,0,0,0,0,1
1848,0,0,68,2230,1,0,0,0,0,0,0,1,0,0
1849,0,0,33,2301,0,0,1,0,0,1,0,0,0,0
1850,0,1,61,2841,0,0,0,0,1,0,0,0,1,0
1851,0,0,62,2318,0,1,0,0,0,0,0,1,0,0
1852,0,0,69,2654,0,0,0,1,0,0,0,0,0,1
1853,0,0,45,2508,1,0,0,0,0,0,0,1,0,0
1854,0,1,36,2781,0,1,0,0,0,0,0,0,0,1
1855,0,1,51,2219,0,1,0,0,0,0,0,0,0,1
1856,0,0,52,2231,1,0,0,0,0,0,0,0,0,1
1857,0,0,51,2565,0,0,1,0,0,0,0,0,1,0
1858,0,0,35,2200,0,0,1,0,0,0,0,0,0,1
1859,0,0,36,2762,0,0,1,0,0,0,0,1,0,0
1860,0,0,63,2320,0,1,0,0,0,0,0,0,0,1
1861,0,1,49,2393,1,0,0,0,0,0,0,0,0,1
1862,0,0,45,2452,0,0,0,1,0,0,0,1,0,0
1863,0,0,38,2647,0,1,0,0,0,0,0,1,0,0
1864,0,0,32,2826,0,1,0,0,0,0,0,0,0,1
1865,0,0,31,2217,0,0,0,1,0,0,0,0,1,0
1866,0,0,35,2677,0,1,0,0,0,0,0,1,0,0
1867,0,0,52,2185,1,0,0,0,0,0,0,1,0,0
1868,0,0,46,2193,0,0,1,0,0,0,0,1,0,0
1869,0,0,71,2411,1,0,0,0,0,0,0,1,0,0
1870,0,0,42,2817,0,0,0,1,0,0,1,0,0,0
1871,0,0,66,2249,0,0,1,0,0,0,0,0,0,1
1872,0,0,75,2191,0,0,1,0,0,0,0,0,0,1
1873,0,0,70,2540,0,0,0,1,0,0,0,0,0,1
1874,0,0,56,2650,0,1,0,0,0,0,0,0,0,1
1875,0,0,37,2236,0,0,1,0,0,0,0,1,0,0
1876,0,0,33,2262,0,1,0,0,0,0,0,0,1,0
1877,0,0,49,2407,1,0,0,0,0,0,0,1,0,0
1878,0,0,52,2314,0,1,0,0,0,0,0,1,0,0
1879,0,0,66,2573,0,1,0,0,0,0,0,1,0,0
1880,0,0,49,2455,0,1,0,0,0,0,0,0,0,1
1881,0,0,34,2303,0,0,0,1,0,0,0,1,0,0
1882,0,0,61,2626,0,1,0,0,0,0,0,1,0,0
1883,0,0,40,2435,0,1,0,0,0,0,0,0,1,0
1884,0,0,60,2229,0,0,0,1,0,1,0,0,0,0
1885,0,0,50,2755,0,0,1,0,0,0,0,1,0,0
1886,0,0,49,2782,0,0,0,1,0,0,0,0,1,0
1887,0,1,53,2835,0,1,0,0,0,0,0,1,0,0
1888,0,0,57,2679,0,0,0,0,1,0,0,0,0,1
1889,0,1,52,2833,0,0,1,0,0,0,0,1,0,0
1890,0,0,30,2657,0,1,0,0,0,0,0,1,0,0
1891,0,0,39,2553,0,0,1,0,0,0,0,0,0,1
1892,0,0,44,2653,0,0,1,0,0,0,0,1,0,0
1893,0,0,55,2709,0,0,0,1,0,0,0,0,0,1
1894,0,0,43,2166,0,0,1,0,0,1,0,0,0,0
1895,0,0,48,2320,0,1,0,0,0,1,0,0,0,0
1896,0,1,64,2776,0,0,1,0,0,0,0,1,0,0
1897,0,0,77,2430,0,0,1,0,0,0,0,0,1,0
1898,1,0,61,2696,0,0,1,0,0,0,0,1,0,0
1899,0,0,43,2456,0,1,0,0,0,0,0,0,1,0
1900,0,0,51,2742,0,1,0,0,0,0,0,0,0,1
1901,0,0,50,2530,0,1,0,0,0,0,0,1,0,0
1902,0,1,63,2752,0,0,1,0,0,0,0,1,0,0
1903,0,0,55,2536,0,1,0,0,0,0,0,0,1,0
1904,0,0,46,2380,0,1,0,0,0,0,0,0,0,1
1905,0,0,73,2433,0,1,0,0,0,0,0,0,0,1
1906,0,0,38,2332,0,1,0,0,0,0,0,0,1,0
1907,0,0,52,2248,0,1,0,0,0,0,0,0,1,0
1908,0,0,69,2606,0,1,0,0,0,0,0,1,0,0
1909,0,0,45,2820,0,0,0,1,0,1,0,0,0,0
1910,0,1,64,2635,0,0,1,0,0,0,0,0,0,1
1911,0,1,71,2746,0,0,0,0,1,0,0,0,0,1
1912,0,0,61,2257,0,1,0,0,0,0,0,0,1,0
1913,0,0,47,2461,0,1,0,0,0,0,0,1,0,0
1914,0,1,36,2302,0,1,0,0,0,0,0,0,0,1
1915,0,0,70,2690,0,0,0,1,0,0,0,1,0,0
1916,0,0,43,2850,0,0,1,0,0,0,0,1,0,0
1917,0,0,36,2224,0,1,0,0,0,0,0,1,0,0
1918,0,0,44,2812,0,1,0,0,0,0,0,0,1,0
1919,0,0,69,2667,0,0,0,0,1,0,0,1,0,0
1920,0,1,38,2763,0,1,0,0,0,0,0,1,0,0
1921,0,0,46,2168,0,1,0,0,0,0,0,0,1,0
1922,0,0,52,2614,0,0,1,0,0,0,0,1,0,0
1923,0,0,66,2661,0,0,0,1,0,0,0,1,0,0
1924,0,0,80,2515,0,0,1,0,0,0,0,0,0,1
1925,0,0,44,2443,0,1,0,0,0,0,0,1,0,0
1926,0,0,69,2207,0,0,1,0,0,0,0,1,0,0
1927,0,1,44,2844,0,0,0,1,0,0,0,0,0,1
1928,0,0,56,2377,0,0,1,0,0,0,0,0,0,1
1929,0,0,70,2216,0,0,0,0,1,0,0,0,0,1
1930,0,0,44,2322,0,0,0,1,0,0,0,1,0,0
1931,0,0,64,2774,0,0,1,0,0,0,0,1,0,0
1932,0,1,30,2591,0,0,1,0,0,0,0,1,0,0
1933,0,0,70,2212,0,0,0,0,1,0,0,0,0,1
1934,0,0,55,2520,0,1,0,0,0,0,0,0,1,0
1935,0,1,58,2514,0,0,0,0,1,0,0,0,0,1
1936,0,0,42,2171,0,1,0,0,0,0,0,1,0,0
1937,0,1,68,2578,0,0,1,0,0,0,0,1,0,0
1938,0,0,54,2334,1,0,0,0,0,0,0,1,0,0
1939,0,0,73,2468,0,0,0,1,0,0,0,1,0,0
1940,0,0,48,2409,0,0,0,1,0,0,0,1,0,0
1941,0,0,57,2280,0,0,0,1,0,0,0,1,0,0
1942,0,1,71,2646,0,0,0,0,1,0,0,1,0,0
1943,0,0,42,2316,0,0,0,1,0,0,0,0,1,0
1944,0,0,54,2659,1,0,0,0,0,0,0,1,0,0
1945,0,0,37,2255,0,0,1,0,0,0,0,1,0,0
1946,0,1,49,2703,0,0,0,1,0,0,0,1,0,0
1947,0,0,45,2607,0,1,0,0,0,0,0,1,0,0
1948,0,0,49,2393,0,1,0,0,0,1,0,0,0,0
1949,0,0,51,2426,0,1,0,0,0,0,0,1,0,0
1950,0,0,57,2855,0,1,0,0,0,1,0,0,0,0
1951,0,0,52,2441,0,0,1,0,0,0,0,0,0,1
1952,0,1,41,2239,0,1,0,0,0,0,0,1,0,0
1953,0,1,36,2730,0,0,1,0,0,0,0,0,1,0
1954,0,0,36,2646,0,1,0,0,0,0,0,1,0,0
1955,0,1,46,2808,1,0,0,0,0,0,0,0,0,1
1956,0,0,69,2296,0,1,0,0,0,0,0,1,0,0
1957,0,0,58,2543,0,1,0,0,0,0,0,0,1,0
1958,0,0,45,2661,0,0,1,0,0,0,0,1,0,0
1959,0,0,63,2711,0,0,0,1,0,0,0,1,0,0
1960,0,0,42,2667,0,1,0,0,0,0,0,1,0,0
1961,0,0,29,2531,0,1,0,0,0,0,0,1,0,0
1962,0,0,34,2410,0,1,0,0,0,0,0,1,0,0
1963,0,0,64,2236,0,1,0,0,0,0,0,1,0,0
1964,0,1,57,2354,1,0,0,0,0,0,0,0,0,1
1965,0,0,49,2617,0,1,0,0,0,0,0,0,1,0
1966,0,1,73,2414,0,0,1,0,0,0,0,0,1,0
1967,0,0,62,2246,0,0,1,0,0,0,0,1,0,0
1968,0,0,60,2597,0,0,0,1,0,0,0,1,0,0
1969,0,1,40,2196,0,1,0,0,0,1,0,0,0,0
1970,0,1,45,2828,0,1,0,0,0,0,0,1,0,0
1971,0,0,45,2710,0,0,0,1,0,0,0,0,0,1
1972,0,0,47,2688,0,1,0,0,0,0,0,0,0,1
1973,0,0,40,2337,0,0,1,0,0,1,0,0,0,0
1974,0,0,50,2637,0,0,1,0,0,0,0,1,0,0
1975,0,0,53,2346,1,0,0,0,0,0,0,0,0,1
1976,0,1,50,2820,0,1,0,0,0,0,0,1,0,0
1977,0,0,54,2176,0,0,1,0,0,0,0,1,0,0
1978,0,0,48,2443,0,0,1,0,0,0,0,0,1,0
1979,0,0,43,2393,0,1,0,0,0,0,0,1,0,0
1980,0,0,50,2739,0,1,0,0,0,0,0,1,0,0
1981,0,0,56,2660,1,0,0,0,0,0,0,1,0,0
1982,0,0,61,2444,1,0,0,0,0,0,0,0,0,1
1983,0,0,54,2278,0,0,0,1,0,0,0,0,0,1
1984,0,0,62,2564,1,0,0,0,0,0,0,1,0,0
1985,0,0,34,2659,0,0,1,0,0,0,0,1,0,0
1986,0,1,43,2486,0,0,0,1,0,0,0,1,0,0
1987,0,0,39,2677,0,1,0,0,0,0,1,0,0,0
1988,0,1,62,2850,0,0,1,0,0,0,0,1,0,0
1989,0,0,45,2616,0,1,0,0,0,1,0,0,0,0
1990,0,1,37,2644,0,1,0,0,0,0,0,1,0,0
1991,0,0,53,2599,0,0,0,1,0,0,0,1,0,0
1992,1,0,69,2250,1,0,0,0,0,0,0,1,0,0
1993,0,0,48,2801,0,0,0,1,0,0,0,1,0,0
1994,0,0,42,2296,0,0,0,1,0,0,0,1,0,0
1995,0,0,38,2609,0,1,0,0,0,0,0,0,1,0
1996,0,0,64,2318,0,1,0,0,0,0,0,1,0,0
1997,0,0,68,2303,0,1,0,0,0,0,0,0,1,0
1998,0,0,55,2657,0,1,0,0,0,0,0,0,0,1
1999,0,0,41,2285,0,1,0,0,0,0,0,0,1,0
2000,0,0,55,2633,0,0,0,1,0,0,0,1,0,0
2001,0,0,67,2414,1,0,0,0,0,0,0,1,0,0
2002,0,1,71,2819,0,0,0,1,0,0,0,0,1,0
2003,0,0,35,2856,0,0,0,1,0,1,0,0,0,0
2004,0,1,73,2635,0,0,0,0,1,0,0,0,0,1
2005,0,0,65,2374,0,1,0,0,0,0,0,1,0,0
2006,0,0,44,2388,0,1,0,0,0,0,0,1,0,0
2007,0,0,45,2585,0,0,0,1,0,0,0,1,0,0
2008,0,0,36,2433,0,1,0,0,0,0,0,1,0,0
2009,0,0,70,2365,0,0,0,1,0,0,0,1,0,0
2010,0,0,43,2792,0,1,0,0,0,0,0,1,0,0
2011,0,0,69,2552,0,0,1,0,0,0,0,1,0,0
2012,0,0,36,2617,0,1,0,0,0,0,0,1,0,0
2013,0,0,38,2665,0,0,0,1,0,0,0,1,0,0
2014,0,0,29,2582,0,0,1,0,0,0,0,1,0,0
2015,0,0,50,2801,0,0,1,0,0,0,0,1,0,0
2016,0,0,39,2371,0,1,0,0,0,0,0,1,0,0
2017,0,0,41,2369,0,1,0,0,0,0,0,0,1,0
2018,0,0,49,2815,0,1,0,0,0,0,0,1,0,0
2019,0,0,50,2370,0,0,1,0,0,0,0,1,0,0
2020,0,0,61,2179,0,1,0,0,0,0,0,1,0,0
2021,0,0,47,2450,0,1,0,0,0,0,0,1,0,0
2022,0,1,50,2840,0,0,1,0,0,0,0,1,0,0
2023,0,0,73,2343,0,1,0,0,0,1,0,0,0,0
2024,0,0,69,2636,0,1,0,0,0,0,0,1,0,0
2025,0,0,45,2439,0,0,1,0,0,0,0,1,0,0
2026,0,0,61,2166,0,0,0,0,1,0,0,1,0,0
2027,0,0,65,2186,0,0,1,0,0,0,0,0,1,0
2028,0,0,67,2162,0,0,0,1,0,0,0,1,0,0
2029,0,0,55,2626,0,0,1,0,0,0,0,1,0,0
2030,0,0,47,2790,1,0,0,0,0,0,0,1,0,0
2031,0,0,44,2502,1,0,0,0,0,0,0,0,0,1
2032,0,0,70,2699,0,1,0,0,0,0,0,1,0,0
2033,0,0,51,2343,0,0,0,1,0,0,0,1,0,0
2034,0,0,38,2406,0,0,0,1,0,0,0,0,0,1
2035,0,0,42,2692,0,0,0,1,0,0,0,1,0,0
2036,0,0,46,2845,0,1,0,0,0,0,0,1,0,0
2037,0,0,69,2698,0,0,0,0,1,0,0,1,0,0
2038,0,0,72,2455,0,1,0,0,0,0,0,1,0,0
2039,0,0,68,2767,0,1,0,0,0,0,0,0,0,1
2040,0,0,36,2244,0,1,0,0,0,0,0,1,0,0
2041,0,0,41,2412,0,0,0,1,0,0,0,1,0,0
2042,0,0,71,2487,0,0,0,1,0,0,0,1,0,0
2043,0,0,64,2345,0,1,0,0,0,0,0,1,0,0
2044,0,0,51,2446,0,1,0,0,0,0,0,1,0,0
2045,0,1,33,2694,0,0,1,0,0,0,0,0,0,1
2046,0,0,37,2516,0,1,0,0,0,0,0,1,0,0
2047,0,1,50,2301,1,0,0,0,0,0,0,1,0,0
2048,0,0,43,2518,0,1,0,0,0,0,0,0,1,0
2049,0,0,60,2253,0,0,0,0,1,0,1,0,0,0
2050,0,0,47,2831,0,1,0,0,0,0,0,1,0,0
2051,0,0,60,2758,0,1,0,0,0,0,0,1,0,0
2052,0,0,32,2691,0,1,0,0,0,0,0,1,0,0
2053,0,0,51,2657,0,1,0,0,0,0,0,1,0,0
2054,0,0,28,2720,0,1,0,0,0,1,0,0,0,0
2055,0,0,61,2249,0,1,0,0,0,0,0,1,0,0
2056,0,0,40,2427,0,0,1,0,0,0,0,1,0,0
2057,0,0,49,2394,0,1,0,0,0,0,0,0,1,0
2058,0,1,46,2461,1,0,0,0,0,0,0,0,1,0
2059,0,0,51,2410,0,0,0,1,0,0,1,0,0,0
2060,0,0,44,2217,0,0,0,1,0,0,0,1,0,0
2061,0,1,27,2716,0,0,1,0,0,0,0,1,0,0
2062,0,1,71,2819,0,0,0,1,0,0,0,0,1,0
2063,0,0,70,2563,0,1,0,0,0,0,0,0,0,1
2064,0,0,45,2431,0,0,0,1,0,0,0,1,0,0
2065,0,0,64,2556,0,0,1,0,0,0,0,1,0,0
2066,0,1,44,2797,0,1,0,0,0,0,0,0,1,0
2067,0,0,45,2736,0,1,0,0,0,0,0,1,0,0
2068,0,0,44,2260,0,1,0,0,0,0,0,0,1,0
2069,0,0,71,2197,0,0,0,1,0,0,0,0,0,1
2070,0,1,36,2809,0,1,0,0,0,1,0,0,0,0
2071,0,0,46,2289,0,1,0,0,0,0,0,0,0,1
2072,0,0,48,2645,0,1,0,0,0,0,1,0,0,0
2073,0,0,34,2767,0,1,0,0,0,0,1,0,0,0
2074,0,0,58,2543,0,1,0,0,0,0,0,0,1,0
2075,0,1,50,2720,1,0,0,0,0,0,0,1,0,0
2076,0,0,71,2545,0,1,0,0,0,0,0,0,1,0
2077,0,1,59,2809,0,0,1,0,0,0,0,1,0,0
2078,0,0,65,2551,0,0,0,0,1,0,0,1,0,0
2079,0,0,39,2714,0,0,0,1,0,0,0,0,0,1
2080,0,0,67,2203,0,0,0,1,0,0,0,1,0,0
2081,0,0,46,2399,0,0,0,1,0,0,0,0,1,0
2082,0,0,66,2499,0,1,0,0,0,0,0,0,1,0
2083,0,0,51,2366,0,0,0,1,0,0,0,0,1,0
2084,0,0,39,2466,0,1,0,0,0,1,0,0,0,0
2085,0,0,68,2318,0,0,0,1,0,0,0,0,0,1
2086,0,0,58,2604,0,0,1,0,0,0,0,0,1,0
2087,0,0,49,2778,1,0,0,0,0,0,0,1,0,0
2088,0,0,44,2814,0,0,0,1,0,0,0,0,1,0
2089,0,0,44,2482,0,0,0,1,0,1,0,0,0,0
2090,0,0,40,2827,0,1,0,0,0,0,0,1,0,0
2091,0,0,64,2854,0,1,0,0,0,1,0,0,0,0
2092,0,0,63,2168,0,0,0,1,0,0,0,1,0,0
2093,0,0,48,2427,0,0,0,1,0,0,0,1,0,0
2094,0,0,54,2490,0,1,0,0,0,0,0,1,0,0
2095,0,1,34,2615,0,1,0,0,0,0,0,0,0,1
2096,0,1,55,2823,0,0,0,1,0,0,0,0,0,1
2097,0,0,46,2397,0,0,0,1,0,0,0,1,0,0
2098,0,0,44,2592,1,0,0,0,0,0,0,1,0,0
2099,0,1,44,2634,0,0,1,0,0,0,0,0,1,0
2100,0,0,40,2843,0,1,0,0,0,0,1,0,0,0
2101,0,0,63,2329,0,0,1,0,0,0,0,0,1,0
2102,0,0,55,2243,0,1,0,0,0,0,0,1,0,0
2103,0,0,51,2429,0,0,0,0,1,0,0,1,0,0
2104,0,0,50,2208,0,0,1,0,0,0,0,1,0,0
2105,0,0,66,2279,1,0,0,0,0,0,0,0,1,0
2106,0,1,54,2851,1,0,0,0,0,0,0,0,1,0
2107,0,0,46,2309,1,0,0,0,0,0,0,1,0,0
2108,0,0,49,2316,0,1,0,0,0,0,0,1,0,0
2109,0,0,52,2672,1,0,0,0,0,0,0,1,0,0
2110,0,0,63,2280,0,1,0,0,0,0,0,1,0,0
2111,0,0,47,2322,0,0,1,0,0,0,0,1,0,0
2112,0,1,63,2377,0,0,1,0,0,0,0,1,0,0
2113,0,0,49,2255,0,0,0,1,0,0,0,0,0,1
2114,0,0,60,2256,0,0,0,1,0,0,0,0,1,0
2115,0,0,47,2517,0,0,0,1,0,0,0,0,0,1
2116,0,0,58,2419,0,1,0,0,0,0,0,0,0,1
2117,0,0,62,2355,0,1,0,0,0,0,0,0,1,0
2118,0,0,48,2809,0,1,0,0,0,0,0,1,0,0
2119,0,0,44,2311,0,1,0,0,0,0,0,1,0,0
2120,0,0,51,2429,0,0,0,0,1,0,0,1,0,0
2121,0,0,44,2526,0,0,0,1,0,0,0,0,1,0
2122,0,0,37,2207,0,1,0,0,0,1,0,0,0,0
2123,0,0,56,2220,1,0,0,0,0,1,0,0,0,0
2124,0,0,45,2317,0,0,0,1,0,0,0,0,1,0
2125,0,0,65,2268,0,1,0,0,0,0,0,0,0,1
2126,0,0,55,2314,0,0,1,0,0,0,0,1,0,0
2127,0,1,56,2785,0,1,0,0,0,0,0,0,0,1
2128,0,0,40,2276,0,0,0,1,0,0,0,1,0,0
2129,0,0,63,2491,0,0,0,1,0,0,0,1,0,0
2130,0,0,71,2550,0,0,0,0,1,1,0,0,0,0
2131,0,0,28,2403,0,0,1,0,0,0,1,0,0,0
2132,0,0,46,2529,0,0,1,0,0,0,0,0,0,1
2133,0,0,66,2659,1,0,0,0,0,0,0,1,0,0
2134,0,1,30,2618,0,0,1,0,0,0,0,0,1,0
2135,0,0,36,2347,0,1,0,0,0,0,0,1,0,0
2136,0,0,39,2377,0,0,1,0,0,0,0,1,0,0
2137,0,0,55,2275,0,0,1,0,0,0,0,1,0,0
2138,0,1,50,2525,1,0,0,0,0,1,0,0,0,0
2139,0,0,45,2322,0,0,0,1,0,0,0,1,0,0
2140,0,0,69,2494,0,1,0,0,0,0,0,1,0,0
2141,0,0,65,2270,0,1,0,0,0,0,0,1,0,0
2142,0,1,45,2693,0,1,0,0,0,0,0,0,0,1
2143,0,0,53,2713,1,0,0,0,0,0,0,0,1,0
2144,0,0,47,2778,0,0,1,0,0,0,0,0,0,1
2145,0,0,49,2697,0,1,0,0,0,0,0,1,0,0
2146,0,0,65,2407,0,0,0,1,0,0,0,1,0,0
2147,0,0,46,2396,0,1,0,0,0,0,0,1,0,0
2148,0,0,48,2638,0,1,0,0,0,0,0,0,0,1
2149,0,0,56,2226,0,1,0,0,0,0,0,1,0,0
2150,0,0,42,2564,0,0,1,0,0,0,1,0,0,0
2151,0,0,63,2262,0,1,0,0,0,1,0,0,0,0
2152,0,0,60,2694,0,1,0,0,0,0,0,1,0,0
2153,0,0,48,2302,0,1,0,0,0,0,0,0,1,0
2154,0,0,64,2208,0,1,0,0,0,0,0,0,0,1
2155,0,0,63,2329,0,0,0,1,0,0,0,0,1,0
2156,0,0,48,2264,0,1,0,0,0,0,1,0,0,0
2157,0,1,37,2648,0,0,1,0,0,0,0,0,1,0
2158,0,0,49,2652,1,0,0,0,0,0,0,1,0,0
2159,0,0,73,2855,0,1,0,0,0,0,0,1,0,0
2160,0,1,63,2759,0,1,0,0,0,1,0,0,0,0
2161,0,1,63,2856,0,1,0,0,0,0,0,1,0,0
2162,0,0,68,2623,0,0,1,0,0,0,0,0,1,0
2163,0,0,46,2228,0,0,1,0,0,0,0,1,0,0
2164,0,0,47,2471,0,0,0,1,0,0,0,1,0,0
2165,0,1,66,2535,0,1,0,0,0,0,0,1,0,0
2166,0,0,45,2162,0,1,0,0,0,0,0,1,0,0
2167,0,0,30,2487,0,0,1,0,0,0,1,0,0,0
2168,0,0,51,2742,0,0,1,0,0,0,0,1,0,0
2169,0,1,47,2778,0,0,1,0,0,0,0,0,0,1
2170,0,0,42,2702,0,1,0,0,0,0,0,1,0,0
2171,0,0,30,2657,0,1,0,0,0,0,0,1,0,0
2172,0,0,52,2781,0,0,1,0,0,0,0,1,0,0
2173,0,0,40,2846,0,1,0,0,0,0,0,1,0,0
2174,0,0,66,2257,0,0,0,1,0,0,0,1,0,0
2175,0,0,57,2728,0,0,0,1,0,0,1,0,0,0
2176,0,0,57,2508,1,0,0,0,0,0,0,1,0,0
2177,0,0,65,2660,1,0,0,0,0,1,0,0,0,0
2178,0,0,39,2303,0,0,0,1,0,0,0,1,0,0
2179,0,0,70,2218,1,0,0,0,0,0,0,0,1,0
2180,0,0,25,2784,0,0,1,0,0,1,0,0,0,0
2181,0,0,44,2493,0,1,0,0,0,0,0,1,0,0
2182,0,0,66,2715,0,0,0,1,0,0,0,1,0,0
2183,0,0,37,2624,0,0,0,1,0,0,0,1,0,0
2184,0,0,72,2244,0,0,0,0,1,0,0,0,0,1
2185,0,0,42,2534,0,0,0,1,0,0,0,1,0,0
2186,0,0,35,2782,0,0,0,1,0,0,0,0,1,0
2187,0,0,41,2374,0,1,0,0,0,0,0,1,0,0
2188,0,1,38,2519,0,0,1,0,0,0,0,0,1,0
2189,0,0,41,2577,0,0,0,1,0,1,0,0,0,0
2190,0,0,57,2163,0,1,0,0,0,0,0,0,1,0
2191,0,0,50,2330,0,0,1,0,0,0,0,0,0,1
2192,0,0,52,2800,0,0,0,1,0,0,0,1,0,0
2193,0,0,41,2621,0,1,0,0,0,0,0,1,0,0
2194,0,0,58,2642,0,0,1,0,0,0,0,1,0,0
2195,0,0,48,2201,0,1,0,0,0,0,0,1,0,0
2196,0,0,36,2629,0,0,1,0,0,0,0,1,0,0
2197,0,0,50,2836,0,0,1,0,0,0,0,0,1,0
2198,0,0,34,2840,0,0,1,0,0,0,0,1,0,0
2199,0,0,46,2522,0,1,0,0,0,0,0,1,0,0
2200,0,0,53,2540,0,1,0,0,0,0,0,1,0,0
2201,0,0,74,2178,0,0,0,1,0,0,0,0,0,1
2202,0,0,39,2314,1,0,0,0,0,0,0,1,0,0
2203,0,0,64,2315,0,0,0,1,0,0,0,0,1,0
2204,0,1,66,2781,0,1,0,0,0,0,0,0,0,1
