,MntWines,MntFruits,MntMeatProducts,MntFishProducts,MntSweetProducts,MntGoldProds,NumDealsPurchases,NumWebPurchases,NumCatalogPurchases,NumStorePurchases,NumWebVisitsMonth
0,635,88,546,172,88,88,3,8,10,4,7
1,11,1,6,2,1,6,2,1,1,2,5
2,426,49,127,111,21,42,1,8,2,10,4
3,11,4,20,10,3,5,2,2,0,4,6
4,173,43,118,46,27,15,5,5,3,6,5
5,520,42,98,0,42,14,2,6,4,10,6
6,235,65,164,50,49,27,4,7,3,7,6
7,76,10,56,3,1,23,2,4,0,4,8
8,14,0,24,3,3,2,1,3,0,2,9
9,28,0,6,1,1,13,1,1,0,0,20
10,6,16,11,11,1,16,1,2,0,3,8
11,194,61,480,225,112,30,1,3,4,8,2
12,233,2,53,3,5,14,3,6,1,5,6
13,3,14,17,6,1,5,1,1,0,3,8
14,1006,22,115,59,68,45,1,7,6,12,3
15,53,5,19,2,13,4,3,3,0,3,8
16,84,5,38,150,12,28,2,4,1,6,7
17,1012,80,498,0,16,176,2,11,4,9,5
18,4,17,19,30,24,39,2,2,1,3,6
19,86,2,73,69,38,48,1,4,2,5,8
20,1,1,1725,1,1,1,15,0,28,0,1
21,867,0,86,0,0,19,3,2,3,9,8
22,384,0,102,21,32,5,3,6,2,9,4
23,270,3,27,39,6,99,7,7,1,5,8
24,6,4,25,15,12,13,2,2,1,3,7
25,173,4,30,3,6,41,4,5,1,4,7
26,36,2,42,20,21,10,2,2,1,4,3
27,684,100,801,21,66,0,1,6,9,10,2
28,8,4,10,2,2,4,2,3,0,3,5
29,112,17,44,34,22,89,1,2,5,3,3
30,110,0,5,2,0,3,2,2,1,4,5
31,96,12,96,33,22,43,6,4,1,6,6
32,482,34,471,119,68,22,1,3,5,9,7
33,40,0,19,2,1,3,1,2,0,3,7
34,702,17,151,0,8,35,5,5,6,12,2
35,6,3,14,15,7,36,3,3,1,2,7
36,55,0,6,2,0,4,2,1,1,3,5
37,437,8,206,160,49,42,2,7,10,5,6
38,421,76,536,82,178,102,2,8,6,5,4
39,13,1,29,3,0,7,2,2,0,3,8
40,9,0,6,3,1,3,1,0,0,3,5
41,3,1,10,3,2,12,3,2,0,3,5
42,123,164,266,227,30,174,1,2,4,9,1
43,3,18,14,15,22,50,3,3,1,3,9
44,13,6,15,3,5,13,1,2,0,2,10
45,826,50,317,50,38,38,9,5,2,12,8
46,245,19,125,37,67,14,1,4,2,10,2
47,650,37,780,27,167,32,1,6,9,13,3
48,12,6,20,30,1,3,2,2,0,3,7
49,510,120,550,156,40,241,1,4,9,7,1
50,328,9,124,12,24,109,7,4,2,10,3
51,984,51,432,180,120,190,1,3,10,13,1
52,295,35,482,121,120,40,1,5,5,10,3
53,13,0,8,2,1,5,1,1,0,4,3
54,447,0,28,0,0,43,3,8,2,6,7
55,712,26,538,69,13,80,1,3,6,11,1
56,452,18,102,16,18,6,4,4,2,12,3
57,523,7,134,37,14,169,4,8,2,10,7
58,546,0,48,0,6,6,1,7,3,8,5
59,398,40,367,119,122,30,1,7,4,4,4
60,1,3,6,3,6,15,1,1,1,2,7
61,10,0,1,0,0,0,1,1,0,2,7
62,688,14,309,201,24,38,1,11,10,10,5
63,247,49,159,7,82,109,1,5,2,10,4
64,856,59,487,58,29,73,7,2,5,5,5
65,496,36,460,189,60,12,3,4,8,6,3
66,258,107,291,84,37,86,4,10,3,13,7
67,565,6,65,0,6,19,5,9,2,8,7
68,14,10,13,4,15,9,1,2,1,4,2
69,2,1,6,2,1,1,1,1,0,2,6
70,721,111,925,97,18,18,1,7,6,5,5
71,1032,105,779,137,105,51,0,5,8,9,4
72,1,0,5,0,3,9,1,0,0,3,3
73,577,0,64,0,0,51,2,10,1,8,8
74,64,4,68,7,5,17,4,3,1,4,8
75,4,1,5,2,0,4,1,1,0,2,7
76,25,5,19,7,0,23,3,3,0,3,7
77,112,17,44,34,22,89,1,2,5,3,3
78,163,23,424,27,65,76,1,3,10,13,1
79,17,8,14,10,4,3,2,1,0,4,7
80,130,0,16,0,0,5,5,3,1,4,7
81,292,6,37,0,3,34,4,6,1,6,7
82,350,60,568,110,133,145,1,5,6,7,2
83,135,9,39,4,0,7,1,2,2,5,2
84,15,2,10,0,1,4,1,1,0,3,7
85,27,2,14,0,0,0,3,3,1,3,5
86,5,3,11,12,5,9,1,2,0,3,6
87,505,0,26,0,0,75,5,7,4,6,6
88,51,2,7,0,1,2,2,2,0,3,7
89,207,26,447,75,0,223,1,5,7,12,2
90,135,46,92,65,61,11,2,5,2,7,5
91,53,1,5,2,1,10,2,2,0,3,8
92,41,1,6,2,0,5,2,2,0,3,6
93,386,172,183,185,132,111,2,9,5,11,5
94,562,81,276,80,40,81,1,6,3,6,4
95,217,76,690,50,26,38,1,3,11,5,1
96,1,3,6,10,0,9,1,1,0,3,5
97,144,1,32,2,1,7,4,4,1,4,7
98,295,106,271,75,98,65,4,6,4,12,6
99,76,3,31,4,4,27,2,3,1,3,7
100,454,194,106,31,22,43,1,5,4,4,2
101,425,115,292,23,35,79,1,6,6,11,3
102,1332,17,311,23,51,86,1,7,4,5,9
103,527,0,21,0,0,60,3,8,1,8,6
104,490,44,125,29,20,22,1,6,7,11,3
105,378,0,101,0,0,72,5,6,4,6,7
106,64,1,21,0,1,27,2,2,1,3,6
107,547,99,812,151,82,33,0,4,6,5,1
108,47,90,94,123,103,120,5,9,1,5,9
109,12,5,25,0,9,30,2,1,1,3,5
110,1,6,7,11,5,3,2,2,0,3,6
111,320,48,133,39,72,48,4,6,2,10,4
112,34,3,29,0,4,10,3,2,1,3,5
113,9,0,7,3,4,7,2,1,0,3,7
114,17,0,14,7,3,2,1,1,0,3,7
115,722,27,102,44,72,168,0,6,8,13,2
116,162,33,124,40,28,172,2,3,4,7,1
117,450,133,951,173,0,216,1,3,6,6,1
118,70,0,16,0,0,4,2,2,0,4,6
119,492,19,110,16,12,12,4,6,3,10,4
120,120,58,73,65,89,58,5,5,4,5,5
121,534,5,47,0,5,41,5,11,1,6,8
122,236,106,189,23,41,130,1,7,2,9,4
123,220,0,33,3,0,23,5,5,1,5,8
124,796,14,590,38,44,0,1,4,5,13,3
125,0,1,3,10,6,9,2,1,0,3,8
126,53,1,34,2,0,16,3,2,2,2,8
127,15,0,8,4,2,20,2,1,1,2,5
128,17,1,12,3,1,4,2,2,0,3,7
129,962,61,921,52,61,20,1,5,4,12,2
130,738,0,232,13,20,50,2,3,5,7,7
131,399,28,756,36,40,126,1,5,7,10,2
132,614,16,132,43,33,33,3,8,5,9,6
133,32,34,41,73,16,116,3,4,2,3,7
134,598,16,141,32,41,49,3,3,3,6,8
135,2,1,18,20,11,16,1,2,0,3,6
136,6,1,10,0,1,4,1,1,0,2,8
137,73,3,90,12,1,32,7,4,1,4,8
138,42,16,29,12,20,8,1,2,1,4,3
139,295,21,78,39,13,13,1,4,4,7,3
140,346,17,48,23,13,13,4,8,1,6,6
141,233,20,57,8,20,91,4,7,1,5,7
142,5,7,24,19,14,20,4,3,0,4,6
143,888,0,57,0,0,76,2,8,5,11,5
144,997,26,269,34,13,42,1,10,4,6,4
145,212,6,69,4,12,3,3,6,1,5,7
146,8,1,7,2,0,0,1,0,0,3,4
147,42,11,57,10,28,14,1,1,1,6,2
148,536,11,387,149,91,57,1,3,4,10,1
149,5,0,3,0,0,5,1,1,0,2,7
150,1349,16,249,43,16,33,2,10,6,9,6
151,53,3,49,7,4,5,4,3,0,4,8
152,1001,12,240,16,12,12,1,5,4,10,2
153,18,1,32,6,3,28,3,2,0,4,6
154,125,16,98,134,21,27,1,6,7,4,3
155,212,5,33,7,0,2,1,3,2,6,4
156,277,162,305,173,76,124,1,3,4,7,1
157,15,10,19,8,17,20,3,2,1,3,5
158,7,3,10,8,1,7,2,1,0,3,7
159,12,4,6,11,8,16,2,2,0,3,8
160,85,7,24,2,3,27,1,3,1,3,6
161,81,0,6,0,0,6,2,2,1,3,5
162,59,0,12,0,0,48,1,2,2,2,4
163,1149,71,449,69,71,26,1,11,8,8,5
164,847,66,119,86,89,111,1,9,10,5,4
165,29,0,14,0,0,2,2,2,0,3,7
166,2,0,5,2,0,1,1,0,0,3,2
167,207,26,447,75,0,223,1,5,7,12,2
168,152,3,22,2,5,7,1,4,1,4,5
169,12,11,10,3,12,9,3,2,1,3,6
170,620,26,195,34,17,141,1,6,4,13,2
171,47,1,6,0,0,12,1,1,1,3,6
172,1,9,7,2,14,10,1,2,0,3,6
173,10,1,18,10,4,7,1,1,1,2,9
174,35,0,2,0,0,2,2,1,0,4,5
175,356,0,107,19,9,117,2,7,1,8,5
176,783,30,537,140,76,15,1,4,10,9,2
177,42,1,18,3,0,4,2,2,0,3,7
178,1,4,10,29,0,36,1,1,1,2,6
179,466,22,432,147,113,102,1,8,7,12,3
180,23,3,21,3,19,22,2,3,0,3,8
181,235,6,45,8,9,12,4,5,1,6,6
182,10,0,10,3,1,7,2,1,1,2,8
183,656,16,106,32,16,8,1,7,3,12,3
184,519,17,813,27,173,51,1,4,6,6,2
185,344,189,482,50,33,172,1,5,6,5,2
186,96,1,79,7,1,79,6,5,1,3,8
187,448,4,34,6,4,39,3,8,1,7,5
188,265,138,553,224,23,92,1,4,4,9,1
189,587,43,337,42,87,54,3,11,6,9,6
190,763,29,138,76,176,58,0,7,9,10,4
191,22,0,13,0,0,3,2,1,0,3,7
192,6,4,1,7,2,15,1,0,1,2,6
193,7,6,13,7,6,14,1,1,0,3,9
194,81,18,113,47,13,21,6,4,2,5,6
195,54,0,7,0,0,4,1,2,0,3,6
196,1170,48,320,42,32,192,5,11,4,9,8
197,72,24,68,65,4,8,5,3,1,6,4
198,613,22,319,33,102,12,1,4,6,9,1
199,224,0,30,0,0,10,8,5,1,5,8
200,410,0,59,19,9,44,10,7,1,8,7
201,239,10,554,254,87,54,1,3,4,9,1
202,171,7,171,25,19,89,6,8,1,5,8
203,12,0,4,0,0,1,1,1,0,2,8
204,1076,16,417,42,48,16,1,8,10,6,3
205,182,4,33,0,0,66,2,4,1,5,7
206,824,32,162,42,32,43,2,11,4,11,6
207,30,11,25,29,1,18,1,1,1,4,3
208,377,10,540,80,30,10,1,3,5,7,1
209,520,7,154,19,0,14,2,6,3,11,3
210,155,1,25,0,1,3,4,4,1,4,8
211,897,23,207,15,11,92,5,9,6,12,6
212,131,0,16,2,1,39,4,3,1,4,8
213,297,7,79,0,11,182,2,8,2,4,8
214,787,20,204,0,0,92,3,2,2,11,8
215,792,86,740,67,51,17,1,3,5,8,2
216,4,1,9,3,0,0,1,1,0,2,8
217,231,7,137,4,15,39,9,5,1,8,7
218,983,76,184,180,138,27,1,6,3,4,7
219,3,1,8,4,3,3,1,1,0,2,8
220,0,4,5,6,0,4,1,1,0,3,3
221,562,21,464,28,10,32,3,7,8,11,5
222,5,9,20,6,8,21,2,2,0,4,6
223,18,0,4,0,0,1,1,1,0,3,7
224,415,5,124,15,35,11,1,5,2,11,3
225,5,3,10,12,7,20,4,3,1,3,7
226,901,61,757,186,163,20,1,6,5,10,3
227,382,114,276,75,124,38,2,6,4,4,3
228,14,1,7,2,1,1,1,2,0,2,9
229,559,153,503,218,13,181,1,3,9,9,2
230,789,0,133,0,28,152,7,11,5,8,7
231,11,0,5,0,0,1,2,1,0,3,6
232,1218,16,272,104,0,80,2,5,3,6,6
233,925,64,179,133,12,77,2,9,4,6,5
234,864,134,768,150,38,172,1,4,10,5,3
235,960,28,183,220,70,70,4,9,6,6,6
236,16,3,25,6,1,13,2,2,0,3,8
237,3,3,7,0,2,11,2,1,0,3,6
238,168,148,444,32,172,148,1,6,9,13,2
239,45,47,52,21,20,25,2,3,1,5,6
240,650,28,353,45,42,30,5,4,6,11,8
241,24,0,8,0,0,1,2,1,0,3,6
242,918,21,118,13,10,21,3,8,3,5,6
243,138,33,87,28,24,12,4,3,2,7,3
244,12,4,2,10,6,10,4,2,0,4,5
245,11,0,4,0,0,2,1,1,0,2,8
246,1,2,8,4,3,13,2,1,1,2,7
247,554,41,215,11,0,24,3,10,2,10,5
248,167,2,62,24,13,7,4,4,1,6,5
249,9,0,6,4,1,5,1,1,0,2,9
250,177,2,71,3,2,20,6,5,2,4,8
251,38,4,22,4,2,20,4,3,1,3,7
252,483,84,398,205,84,241,1,3,7,8,1
253,77,2,35,0,1,69,4,3,2,2,7
254,182,74,298,162,149,116,1,3,3,6,1
255,10,7,19,8,2,21,2,2,2,2,6
256,778,44,499,95,73,146,2,3,4,5,7
257,16,7,23,0,8,6,3,3,0,4,5
258,167,0,43,6,2,13,2,4,2,4,5
259,13,2,14,8,7,4,4,2,0,4,6
260,33,6,40,3,7,10,3,2,0,4,7
261,625,7,99,10,22,7,2,6,3,12,4
262,216,162,224,101,92,162,2,7,4,10,5
263,68,129,396,188,22,15,1,3,3,5,1
264,196,0,512,33,130,54,1,3,5,8,1
265,635,15,100,20,7,131,1,9,3,9,6
266,4,19,9,28,25,17,3,3,0,4,7
267,297,7,79,0,11,182,2,8,2,4,8
268,84,5,38,150,12,28,2,4,1,6,7
269,204,7,149,20,15,66,1,5,1,8,2
270,26,0,8,0,0,3,2,2,0,3,5
271,15,6,20,4,5,20,1,3,1,2,7
272,304,98,230,150,74,74,1,6,3,13,3
273,285,28,242,55,114,135,13,6,2,12,5
274,395,183,565,166,141,28,1,5,11,5,3
275,248,3,81,4,3,51,3,7,1,5,8
276,20,6,5,0,9,12,1,1,0,3,7
277,39,0,56,20,8,14,3,3,1,3,7
278,777,129,573,216,21,203,1,2,7,9,4
279,8,3,22,21,1,13,3,3,0,3,9
280,9,1,3,0,4,8,1,0,0,3,6
281,1241,0,80,0,13,40,3,3,6,11,8
282,6,4,7,4,3,8,1,1,0,3,7
283,65,4,16,0,4,11,1,3,0,3,8
284,395,15,263,60,54,38,1,2,3,6,1
285,801,0,80,0,0,35,5,8,3,12,5
286,36,0,12,2,2,10,4,3,1,3,5
287,513,14,154,19,0,28,1,9,2,9,6
288,37,0,46,4,3,0,1,2,1,3,4
289,80,15,93,20,13,52,3,5,1,4,8
290,14,1,21,2,3,25,3,3,1,3,7
291,525,147,112,219,147,63,1,6,7,9,2
292,1,26,25,17,23,15,1,3,0,3,9
293,675,11,400,15,45,11,1,2,5,10,1
294,509,0,27,0,0,10,1,8,3,6,7
295,154,2,46,20,4,15,1,4,2,4,4
296,3,5,14,2,12,17,4,3,1,3,6
297,25,0,8,2,0,2,2,2,0,3,7
298,768,44,561,77,44,14,1,6,6,10,3
299,185,0,28,3,2,17,6,3,1,6,4
300,24,0,7,0,0,1,2,2,0,3,5
301,44,4,21,6,0,27,2,3,0,3,7
302,91,64,128,65,3,50,2,4,3,6,3
303,11,0,7,3,1,6,2,1,0,3,5
304,412,5,119,38,29,77,3,3,3,12,2
305,3,3,7,6,2,9,1,1,0,2,7
306,16,0,3,0,0,1,1,1,0,2,7
307,731,60,353,78,12,73,5,10,3,5,7
308,424,17,118,7,23,41,6,8,2,8,8
309,792,0,275,45,45,126,1,4,8,5,3
310,21,2,28,3,2,9,3,2,0,4,8
311,22,1,11,0,1,2,1,1,0,3,7
312,33,0,5,0,0,0,1,1,0,3,4
313,68,7,59,10,5,11,4,3,1,4,8
314,9,1,6,3,0,4,1,1,0,2,8
315,40,2,15,8,0,6,1,1,1,3,4
316,909,11,218,0,0,23,2,9,3,5,5
317,23,1,13,2,2,18,1,1,1,2,7
318,11,2,9,3,0,8,2,2,0,3,8
319,317,46,247,151,46,139,1,4,5,12,3
320,797,153,293,72,97,30,1,11,4,6,4
321,10,2,16,11,2,21,1,1,0,3,8
322,856,61,570,40,25,122,1,7,6,8,3
323,456,19,832,75,118,38,1,4,5,11,3
324,37,32,38,11,3,18,1,2,1,4,6
325,1103,0,45,0,0,34,3,4,2,11,8
326,378,14,68,19,14,14,2,3,5,8,3
327,1,6,7,0,1,3,1,1,0,2,8
328,204,34,204,172,153,173,1,2,9,4,1
329,30,0,9,0,0,3,2,1,0,3,6
330,189,104,379,111,189,218,1,4,4,6,1
331,15,0,12,7,3,7,3,2,0,3,7
332,9,0,3,0,0,4,1,1,0,2,6
333,495,33,255,11,33,8,4,6,7,9,4
334,656,80,455,52,107,93,2,8,4,8,4
335,452,20,514,13,30,0,3,4,6,5,3
336,546,91,410,119,0,22,1,3,4,10,1
337,1048,0,217,0,0,12,5,11,3,5,6
338,22,2,14,0,1,10,2,2,0,3,7
339,78,0,11,0,0,10,1,2,0,4,6
340,561,64,785,84,128,48,1,3,3,8,1
341,629,17,177,69,0,8,1,5,3,5,2
342,269,15,69,15,19,38,2,4,6,4,5
343,736,163,818,212,163,61,1,4,7,10,2
344,512,0,83,0,0,41,3,6,2,10,4
345,19,3,10,11,8,6,3,2,1,4,4
346,9,0,6,4,1,5,1,1,0,2,9
347,247,8,160,6,8,65,7,6,3,6,7
348,404,0,92,28,27,142,2,6,2,9,4
349,333,0,815,129,42,29,1,4,10,11,2
350,2,3,20,6,11,9,2,2,0,3,7
351,833,33,549,151,133,233,1,4,3,8,3
352,789,0,142,12,9,38,2,2,4,8,8
353,10,4,7,0,6,3,1,1,0,3,6
354,159,4,45,6,2,38,6,5,1,4,8
355,7,1,6,3,1,11,1,1,1,2,4
356,977,12,253,16,12,101,4,4,3,12,8
357,38,4,22,3,3,3,3,3,0,3,8
358,57,0,27,0,0,36,4,3,2,2,8
359,3,9,15,13,2,39,1,1,1,2,9
360,10,4,14,4,4,1,1,1,0,3,8
361,1043,24,97,32,24,157,2,3,5,10,6
362,3,9,13,2,12,12,1,1,0,3,7
363,11,0,5,0,0,1,1,1,0,2,8
364,3,6,5,0,2,6,1,0,0,3,7
365,43,12,96,78,40,55,3,4,1,6,7
366,73,3,90,12,1,32,7,4,1,4,8
367,12,0,1,0,0,6,1,0,1,2,3
368,4,7,7,6,4,13,3,1,2,2,5
369,314,11,53,4,3,107,3,7,3,4,7
370,571,50,142,33,50,159,4,4,5,13,2
371,70,0,11,2,8,23,1,2,1,3,6
372,866,21,151,28,21,86,3,2,2,12,5
373,594,134,786,33,134,57,0,5,6,8,1
374,140,4,61,0,13,4,2,3,1,6,4
375,375,152,335,93,91,81,1,5,4,6,2
376,102,9,63,2,9,24,1,4,1,4,6
377,554,35,113,0,7,78,3,5,3,12,3
378,919,0,505,99,30,45,1,4,9,10,2
379,96,1,42,12,3,32,4,3,1,4,8
380,5,2,16,3,2,19,2,1,1,2,8
381,2,0,6,8,6,5,1,1,0,3,7
382,6,4,9,6,36,35,4,2,2,3,7
383,23,1,25,0,8,7,4,2,1,3,6
384,610,105,125,137,42,21,1,9,4,9,5
385,67,5,61,3,8,19,5,2,1,5,5
386,65,36,74,38,20,110,1,5,1,4,7
387,416,0,26,0,0,4,9,6,3,6,7
388,23,0,11,3,2,2,1,1,0,3,6
389,19,3,26,10,9,3,3,2,0,4,8
390,155,7,80,13,7,10,3,5,1,5,6
391,14,0,24,3,3,2,1,3,0,2,9
392,370,9,92,6,9,4,3,7,1,8,7
393,4,22,11,3,7,32,2,3,0,3,8
394,407,53,221,58,150,26,4,4,3,6,4
395,1200,0,204,38,29,14,3,11,9,12,6
396,85,44,54,102,78,6,3,5,1,7,7
397,583,34,309,0,22,125,2,5,4,8,3
398,483,0,591,156,0,12,1,3,5,10,1
399,2,5,9,28,6,28,3,2,1,3,5
400,966,26,282,52,26,26,1,2,7,11,5
401,822,114,108,179,137,114,1,7,9,9,3
402,604,0,100,19,0,28,9,10,2,8,8
403,19,3,19,3,1,3,2,2,0,3,7
404,5,3,11,12,5,9,1,2,0,3,6
405,2,2,2,2,1,1,1,1,0,2,8
406,1076,68,103,29,91,68,1,3,4,8,1
407,1285,42,716,55,0,21,0,7,10,5,2
408,10,0,7,2,0,1,1,1,0,2,8
409,551,137,792,179,103,33,1,6,7,13,1
410,800,0,297,0,34,57,2,2,5,10,6
411,2,2,11,10,6,12,2,1,0,4,5
412,378,0,189,97,172,172,2,5,5,12,3
413,1248,16,349,43,16,16,1,2,4,9,4
414,235,0,235,19,4,191,5,8,1,7,8
415,515,47,181,149,95,95,15,9,6,9,7
416,438,66,400,12,38,114,1,8,3,13,4
417,25,0,22,2,3,5,2,1,0,4,5
418,31,0,7,2,0,6,1,1,0,3,5
419,357,35,271,28,28,14,3,6,2,12,5
420,400,4,35,6,0,22,2,9,1,5,8
421,99,0,15,2,1,5,3,2,1,4,7
422,1,11,5,4,6,9,2,2,0,3,8
423,5,4,13,8,0,4,1,1,0,3,8
424,77,28,31,16,0,4,2,2,1,5,4
425,3,1,2,4,3,1,1,0,0,3,5
426,10,4,14,4,4,1,1,1,0,3,8
427,0,6,3,7,6,12,1,1,0,3,8
428,0,0,1,2,12,5,1,1,0,2,8
429,76,14,74,13,5,10,2,5,0,4,8
430,398,190,537,61,156,37,1,4,5,7,1
431,14,7,11,11,0,5,2,2,0,3,8
432,208,7,82,30,66,35,2,3,2,9,3
433,430,16,322,43,24,33,5,4,7,11,3
434,656,38,161,62,47,37,3,8,9,7,7
435,14,2,30,8,2,3,1,2,0,4,5
436,141,70,106,72,19,23,2,4,2,8,3
437,507,19,364,25,47,9,3,9,5,10,7
438,164,24,103,12,3,42,7,5,1,6,8
439,606,24,974,197,194,64,1,7,7,9,4
440,116,11,72,3,17,46,4,4,1,5,6
441,143,15,60,24,23,5,2,2,1,8,2
442,398,96,447,220,96,32,1,5,7,6,3
443,522,0,257,32,16,66,4,2,2,8,7
444,161,0,253,199,191,122,1,3,7,11,1
445,112,0,6,2,1,14,2,3,1,3,6
446,483,84,398,205,84,241,1,3,7,8,1
447,7,5,39,17,15,37,2,4,0,3,7
448,789,25,420,16,38,0,1,2,8,9,1
449,1239,17,413,23,34,17,1,5,6,5,2
450,4,1,5,2,0,3,1,1,0,2,8
451,335,42,127,28,5,5,3,7,2,8,6
452,639,8,166,11,8,58,3,7,3,12,7
453,563,76,384,84,192,89,4,6,10,13,4
454,2,0,8,2,2,3,1,1,0,2,8
455,746,8,125,11,8,8,7,8,6,9,6
456,22,1,13,4,0,4,2,1,0,3,7
457,4,1,6,4,1,9,1,1,1,2,5
458,478,0,193,110,75,117,4,8,3,11,5
459,20,3,4,2,0,2,2,1,0,3,3
460,451,0,39,0,4,24,1,7,1,8,5
461,371,22,39,6,0,92,4,6,2,7,5
462,281,7,84,15,0,119,7,7,3,4,8
463,19,7,19,0,1,24,1,2,1,2,7
464,26,3,13,2,10,0,1,2,0,3,6
465,138,15,35,25,11,72,2,6,2,2,9
466,213,2,44,0,2,5,4,4,2,5,5
467,407,28,100,120,74,18,1,5,9,4,3
468,483,74,114,169,37,18,1,5,10,13,3
469,738,0,232,13,20,50,2,3,5,7,7
470,502,12,109,16,6,90,2,7,2,10,6
471,11,0,5,2,1,1,1,1,0,3,7
472,24,1,108,29,29,14,1,4,1,4,8
473,1170,19,594,99,76,134,2,2,5,12,6
474,185,2,88,15,5,14,2,6,1,5,8
475,983,20,389,240,50,40,1,3,5,13,6
476,691,0,69,10,0,130,4,2,6,3,8
477,504,13,131,8,0,26,1,9,4,6,7
478,317,25,265,25,19,12,3,5,3,11,5
479,29,1,9,2,0,2,1,2,0,3,3
480,1396,0,322,46,35,17,1,4,9,4,6
481,529,0,356,63,28,0,3,6,7,11,3
482,388,14,218,91,14,21,1,4,3,13,2
483,13,2,21,4,0,24,2,1,1,2,8
484,28,0,4,0,0,0,1,1,0,3,5
485,16,36,21,20,62,108,1,4,1,3,8
486,1047,0,140,67,38,153,2,4,3,12,8
487,31,0,7,2,0,6,1,1,0,3,5
488,815,10,239,28,10,108,2,10,4,12,6
489,225,162,387,106,36,29,1,5,10,8,3
490,493,70,324,146,40,84,1,3,7,11,1
491,34,4,66,3,10,20,1,2,1,4,7
492,382,138,65,60,26,59,6,5,2,12,5
493,127,1,56,0,1,31,3,4,2,3,7
494,325,83,300,86,58,91,1,6,4,12,3
495,238,17,68,8,10,6,3,6,2,5,7
496,1168,92,408,72,129,55,1,5,6,7,1
497,284,0,55,0,6,52,4,6,2,5,8
498,1288,20,613,80,61,27,1,5,7,9,2
499,65,0,46,4,3,20,4,3,1,3,8
500,11,7,9,3,1,11,1,1,0,3,7
501,227,23,389,42,21,75,1,4,5,7,2
502,1035,134,670,25,38,0,1,6,3,10,3
503,27,1,12,2,0,10,2,2,0,3,7
504,982,73,351,56,14,175,1,2,4,6,5
505,179,2,64,38,17,58,1,5,1,6,5
506,1379,33,216,0,33,66,1,2,4,9,6
507,32,1,64,16,12,85,3,2,2,3,6
508,8,4,15,7,6,2,1,1,0,3,8
509,881,38,319,16,25,12,1,4,5,10,2
510,141,15,153,67,31,35,1,4,4,6,3
511,1000,155,379,224,17,120,1,4,8,4,8
512,206,10,67,30,27,71,6,4,1,8,6
513,162,61,83,97,57,61,4,4,3,8,5
514,619,54,260,127,54,54,1,4,7,5,1
515,456,4,24,0,0,9,7,8,2,6,7
516,112,6,92,3,9,38,2,3,2,5,4
517,11,3,22,2,2,6,2,2,0,3,6
518,172,12,112,8,0,15,4,6,1,5,7
519,78,0,11,0,0,7,1,2,1,3,5
520,464,151,292,65,60,30,1,8,3,4,4
521,99,4,32,37,54,6,2,2,1,7,2
522,19,3,19,4,5,26,3,3,0,3,7
523,1,9,8,11,3,22,3,3,0,3,8
524,63,10,83,7,19,19,2,4,1,4,7
525,252,3,42,4,3,102,2,4,5,3,6
526,1478,19,403,0,19,0,1,7,6,6,3
527,198,18,252,32,108,54,2,4,6,8,3
528,8,4,10,6,7,6,2,2,0,4,5
529,416,46,925,60,107,46,1,3,6,4,1
530,42,7,43,20,12,10,1,3,0,4,6
531,14,3,21,2,1,28,4,3,1,2,8
532,17,0,3,0,0,1,2,1,0,3,6
533,15,4,10,3,4,18,2,1,1,3,3
534,6,16,24,11,0,34,2,3,1,2,7
535,458,0,24,6,4,34,2,6,2,8,6
536,30,3,47,19,21,42,1,3,2,2,8
537,179,28,520,111,123,47,1,3,8,13,1
538,90,17,97,15,6,15,6,4,1,5,8
539,308,85,137,102,45,118,2,6,2,11,5
540,557,129,761,29,185,111,1,5,6,7,2
541,7,4,13,15,8,17,2,2,0,4,5
542,1492,38,287,50,57,33,1,5,10,4,6
543,30,8,12,8,8,12,1,2,0,4,5
544,249,153,940,58,134,38,0,6,6,7,2
545,465,25,132,136,0,37,2,8,3,13,4
546,129,129,259,168,121,83,5,6,3,12,4
547,174,18,81,28,6,24,3,3,2,7,3
548,189,2,29,3,2,40,2,3,2,5,4
549,747,10,161,65,40,42,4,4,2,9,8
550,6,0,2,2,0,1,1,1,0,2,5
551,14,0,3,0,0,4,1,1,0,2,6
552,12,0,4,0,0,1,1,1,0,2,7
553,98,0,106,49,10,106,5,5,1,5,6
554,32,0,5,0,0,1,2,1,0,3,7
555,51,12,49,17,24,24,3,4,1,3,8
556,200,5,44,0,10,20,1,5,1,5,5
557,25,6,25,6,0,0,2,2,0,3,8
558,1050,12,144,0,0,24,3,6,4,8,5
559,117,0,22,13,0,30,3,4,1,3,7
560,9,4,17,10,2,7,4,3,0,3,8
561,56,0,11,0,0,8,2,2,0,4,5
562,145,13,46,17,2,4,6,4,2,4,7
563,203,0,10,0,0,2,5,3,1,6,6
564,270,3,27,39,6,99,7,7,1,5,8
565,9,0,16,6,6,10,1,1,0,3,8
566,37,12,23,8,11,52,1,2,1,3,7
567,46,0,7,0,0,2,2,2,0,3,6
568,31,1,13,7,2,9,4,2,1,4,4
569,1060,21,530,32,0,224,1,5,11,5,3
570,264,47,188,54,47,11,2,4,4,10,2
571,399,4,30,6,4,30,3,7,1,7,7
572,8,9,9,2,5,22,1,1,1,3,4
573,19,0,35,6,4,17,2,2,1,2,7
574,817,183,797,106,163,20,0,5,11,5,2
575,292,127,635,132,127,165,1,3,7,9,1
576,12,6,2,11,2,16,1,1,0,3,4
577,130,30,168,20,34,0,1,3,4,7,1
578,6,4,16,3,10,30,3,3,1,2,7
579,16,12,18,7,1,13,1,2,0,3,7
580,19,0,9,0,0,2,2,1,0,3,8
581,4,7,15,13,9,15,3,2,1,3,6
582,31,3,31,2,8,4,3,3,0,4,8
583,36,0,2,0,0,4,1,1,0,3,7
584,526,28,135,10,21,99,3,5,3,12,5
585,400,32,519,71,75,54,1,3,4,9,1
586,410,16,114,0,5,49,3,5,2,10,5
587,80,3,26,4,2,14,4,3,1,3,7
588,88,10,46,2,3,64,4,5,1,2,10
589,55,0,6,2,0,4,2,1,1,3,5
590,5,1,13,3,5,1,1,1,0,3,7
591,8,4,5,15,2,11,2,1,0,3,7
592,410,0,592,147,22,22,1,6,4,7,3
593,101,13,76,20,18,40,2,3,1,6,6
594,162,25,53,16,0,10,1,3,1,7,3
595,2,8,1,4,7,15,1,1,0,3,8
596,25,0,8,2,0,2,2,2,0,3,7
597,389,91,248,64,49,41,3,6,3,13,5
598,215,13,87,17,17,24,5,6,2,5,7
599,27,0,5,0,0,3,2,1,0,3,8
600,5,6,10,6,5,10,1,1,0,3,4
601,179,8,83,19,11,26,5,1,2,9,2
602,352,0,27,10,0,15,3,6,1,7,6
603,17,8,12,11,15,32,1,2,1,2,7
604,625,35,169,58,17,35,1,4,3,6,1
605,10,6,11,0,4,2,1,1,0,3,7
606,390,22,323,104,35,107,1,6,8,6,3
607,10,2,15,2,1,6,2,2,0,3,6
608,215,63,507,231,31,190,1,8,4,7,3
609,1001,17,572,93,125,17,7,11,11,5,7
610,19,18,33,24,1,8,3,3,0,3,9
611,41,5,129,10,3,3,3,4,1,4,9
612,1181,107,199,39,30,30,2,7,3,13,8
613,603,45,207,36,18,54,1,3,4,6,1
614,129,129,259,168,121,83,5,6,3,12,4
615,10,24,15,13,1,30,1,2,1,3,7
616,514,22,732,42,198,79,1,6,7,7,3
617,14,0,1,0,0,1,1,1,0,2,7
618,387,20,713,38,54,163,1,9,11,11,5
619,121,103,69,8,44,48,1,4,2,7,4
620,965,69,279,54,41,69,5,8,4,9,7
621,707,21,250,85,43,73,2,6,2,8,2
622,571,50,142,33,50,159,4,4,5,13,2
623,586,66,653,17,0,26,1,5,9,6,2
624,1063,89,102,16,12,25,4,9,4,6,6
625,305,3,27,4,3,144,2,5,4,4,5
626,1200,105,758,0,42,147,1,4,2,6,2
627,163,2,40,8,11,11,7,3,1,6,6
628,1009,181,104,202,21,207,0,9,8,13,3
629,125,6,73,8,4,19,1,3,1,6,4
630,721,0,152,119,50,50,3,7,6,12,4
631,315,4,62,41,31,146,2,7,1,7,5
632,1000,19,711,125,115,38,0,4,6,9,1
633,16,0,17,6,3,6,2,1,0,3,9
634,757,80,217,29,80,11,5,9,6,12,6
635,30,2,25,0,1,9,1,1,1,4,2
636,219,3,100,26,0,17,2,7,1,5,8
637,111,3,28,2,6,15,2,3,1,4,6
638,45,47,52,21,20,25,2,3,1,5,6
639,410,112,420,0,82,71,1,9,3,13,4
640,100,1,39,6,1,76,4,3,2,3,6
641,509,0,65,7,11,5,4,7,2,9,6
642,3,6,5,0,2,6,1,0,0,3,7
643,445,53,213,104,98,151,1,6,4,13,4
644,2,2,11,41,7,11,1,2,0,3,8
645,4,1,11,6,2,2,1,1,0,3,6
646,6,1,7,23,4,19,1,1,1,2,8
647,14,0,3,0,0,3,1,1,0,2,7
648,1,10,11,19,3,15,2,2,0,3,6
649,26,0,6,0,0,2,1,1,0,3,8
650,111,16,37,7,9,18,3,3,1,5,3
651,418,61,428,80,51,10,3,7,8,10,5
652,327,9,122,19,14,83,5,5,2,9,6
653,371,159,194,58,106,141,4,4,3,6,3
654,275,59,107,69,101,59,2,6,4,8,4
655,789,0,142,12,9,38,2,2,4,8,8
656,1,1,5,0,3,1,1,1,0,2,8
657,1004,12,145,32,12,36,3,10,3,5,5
658,187,81,149,25,43,91,1,2,2,12,1
659,56,4,76,17,1,18,4,4,1,3,9
660,365,32,117,34,110,6,1,3,3,13,2
661,595,23,123,10,23,154,2,8,9,4,6
662,1132,134,384,175,134,115,1,11,5,13,7
663,34,11,137,179,61,45,1,8,1,5,8
664,116,6,82,6,6,41,2,3,1,6,5
665,565,32,435,28,32,54,1,2,8,6,1
666,372,18,126,47,48,78,2,5,2,11,4
667,899,102,838,133,102,40,1,5,6,10,2
668,760,40,480,0,40,26,1,3,5,12,1
669,260,86,559,63,9,67,1,4,6,4,2
670,459,0,24,6,0,4,6,4,5,7,6
671,466,0,224,119,49,99,1,5,3,4,2
672,67,15,80,17,11,80,3,1,4,4,3
673,2,0,7,3,7,10,1,1,0,3,6
674,67,1,20,0,2,31,3,2,2,2,7
675,92,4,18,3,3,6,1,2,1,4,3
676,4,2,11,2,0,4,1,1,0,2,6
677,20,1,28,3,3,2,3,2,0,3,8
678,273,11,178,62,83,29,2,8,4,6,6
679,434,22,388,104,22,34,1,10,7,10,4
680,321,11,309,33,26,34,3,9,3,5,4
681,212,123,177,15,64,23,2,8,2,8,4
682,909,12,278,0,12,242,3,5,2,11,8
683,1184,32,352,21,16,16,1,3,4,7,1
684,112,19,21,16,14,5,3,4,1,4,7
685,656,80,455,52,107,93,2,8,4,8,4
686,23,0,8,6,2,18,1,1,1,3,2
687,537,6,42,16,6,30,2,9,3,6,8
688,712,0,45,0,0,191,3,2,4,5,7
689,23,1,13,2,2,18,1,1,1,2,7
690,1,3,4,2,2,6,1,1,0,2,8
691,664,58,83,32,0,66,4,7,5,10,5
692,6,10,21,19,14,42,2,2,1,3,6
693,299,5,201,21,21,49,3,5,4,8,4
694,99,13,66,43,8,4,3,4,1,5,7
695,749,40,294,121,160,147,1,3,2,5,1
696,345,25,501,63,138,80,1,5,3,8,2
697,9,4,18,7,5,5,2,2,0,3,7
698,440,81,368,0,122,174,6,11,5,9,6
699,8,2,5,3,0,3,1,1,0,2,7
700,670,9,249,0,28,9,2,5,4,5,4
701,524,0,134,28,28,155,1,11,1,8,7
702,6,0,6,2,1,1,2,1,0,3,7
703,597,166,597,172,166,249,1,5,6,4,3
704,7,0,12,13,7,32,5,4,1,2,9
705,54,0,7,0,0,4,1,2,0,3,6
706,445,25,706,80,76,48,1,6,5,12,2
707,294,142,218,164,58,151,1,3,8,11,1
708,292,3,77,10,3,26,7,6,3,5,7
709,412,22,132,59,28,183,1,11,6,8,4
710,8,0,3,0,0,0,1,0,0,3,5
711,349,4,78,6,0,43,8,7,2,6,8
712,328,9,124,12,24,109,7,4,2,10,3
713,144,2,99,7,2,30,5,6,1,4,8
714,1126,28,211,37,28,42,3,4,3,4,5
715,967,0,617,43,50,0,1,4,8,13,2
716,432,79,341,177,136,170,2,8,5,4,4
717,138,39,63,55,18,21,1,4,1,7,2
718,0,0,1,7,4,6,1,1,0,2,7
719,509,133,497,78,24,97,2,7,5,6,4
720,948,10,86,13,21,21,4,6,9,11,5
721,39,2,25,4,3,24,2,3,0,3,8
722,28,1,21,3,0,10,3,2,1,3,5
723,13,11,24,13,8,40,2,3,0,4,6
724,307,26,360,138,31,40,1,6,9,5,3
725,901,31,345,75,31,191,1,4,4,11,1
726,2,5,12,4,8,7,3,2,0,4,5
727,283,17,372,138,106,44,1,3,8,12,1
728,4,3,7,0,3,11,1,1,0,2,7
729,769,80,252,15,34,65,1,10,10,7,6
730,518,42,742,55,56,84,1,6,10,5,2
731,350,8,66,17,4,4,2,3,2,10,3
732,445,53,213,104,98,151,1,6,4,13,4
733,778,178,689,41,27,44,1,8,5,11,8
734,709,93,374,104,80,80,1,8,6,6,3
735,359,35,314,93,116,89,1,7,3,13,4
736,799,12,375,16,12,12,5,7,6,5,6
737,895,10,101,13,0,152,5,3,4,8,8
738,40,2,23,0,4,23,2,2,1,3,4
739,76,0,7,0,0,16,1,3,2,2,5
740,11,5,22,12,5,11,2,3,0,3,7
741,245,16,223,21,43,16,2,8,1,8,6
742,647,107,391,175,67,40,1,6,4,10,3
743,39,1,9,2,1,34,1,2,1,2,7
744,203,35,305,46,17,227,1,2,11,5,1
745,138,3,38,4,0,59,3,3,2,4,6
746,587,51,898,247,0,86,1,3,6,7,2
747,595,97,291,127,133,121,1,11,5,12,6
748,43,12,23,29,15,61,1,2,1,4,4
749,301,7,74,10,0,58,4,6,1,7,6
750,180,32,348,76,32,90,2,5,2,12,2
751,794,115,243,150,0,205,1,8,5,6,3
752,392,5,91,28,26,112,8,7,3,7,8
753,39,1,22,3,4,12,3,2,0,4,7
754,107,2,12,2,2,12,0,0,0,1,20
755,13,0,3,0,0,0,1,1,0,2,7
756,70,0,17,0,0,6,2,2,1,3,6
757,680,11,392,75,0,0,1,2,11,4,1
758,26,1,11,0,1,4,2,1,0,3,3
759,522,0,522,227,120,134,2,6,9,5,2
760,412,12,546,78,182,0,1,4,4,10,1
761,6,5,5,8,0,5,2,1,0,3,4
762,2,3,6,4,1,9,1,1,1,2,7
763,1,3,8,2,5,5,1,1,0,2,7
764,6,2,15,6,6,3,1,1,0,3,8
765,4,12,5,3,16,17,2,2,0,3,7
766,18,2,19,0,2,6,5,3,0,4,7
767,324,48,186,39,18,198,6,6,8,4,7
768,327,9,125,25,4,139,6,7,1,8,7
769,229,27,71,13,3,34,4,7,1,5,9
770,521,168,706,80,76,61,1,3,6,4,2
771,184,23,446,30,23,23,1,5,4,7,2
772,4,8,11,12,2,13,1,2,0,3,7
773,183,2,64,7,2,12,4,3,3,5,4
774,31,19,35,26,14,52,2,1,1,5,3
775,219,3,60,12,9,12,1,4,1,7,7
776,479,28,136,75,14,35,3,10,3,7,6
777,584,44,212,46,8,177,3,11,4,8,8
778,627,91,597,159,91,15,1,6,5,12,3
779,24,1,16,12,2,5,3,4,0,3,8
780,330,5,159,36,27,16,4,4,4,9,4
781,19,1,10,2,1,8,1,1,0,3,5
782,28,23,29,29,14,47,3,2,1,4,6
783,606,148,228,15,148,22,1,6,8,13,2
784,1039,43,204,153,58,29,3,2,8,12,8
785,411,0,26,0,0,21,6,7,1,7,7
786,34,1,19,2,7,0,1,1,1,3,2
787,161,28,136,32,3,45,4,3,4,6,3
788,623,53,178,23,17,133,7,3,2,8,8
789,604,26,470,123,161,94,2,5,9,6,2
790,3,10,8,3,16,32,1,1,1,2,6
791,12,2,17,6,1,10,2,2,0,3,8
792,184,174,256,50,30,32,1,5,4,6,2
793,393,0,239,90,69,69,6,5,7,9,4
794,410,73,747,76,161,30,0,5,5,12,1
795,376,9,83,19,4,4,2,5,4,7,3
796,7,2,4,2,1,4,1,1,0,2,6
797,68,0,226,51,157,68,3,10,2,4,9
798,642,14,49,0,7,57,1,9,2,9,5
799,8,7,9,13,6,12,2,2,0,3,8
800,840,53,804,23,71,17,1,5,4,8,3
801,7,10,13,3,11,11,2,2,0,3,7
802,464,5,64,7,0,37,1,7,3,7,5
803,30,3,47,19,21,42,1,3,2,2,8
804,1492,38,287,50,57,33,1,5,10,4,6
805,752,122,476,39,153,34,1,10,2,11,8
806,1279,15,287,20,0,15,3,3,4,7,5
807,22,1,8,2,1,2,2,1,0,3,8
808,860,28,409,73,56,56,1,8,9,4,4
809,3,0,5,13,0,1,1,1,0,3,6
810,10,5,28,11,1,8,1,2,0,3,5
811,351,16,156,7,5,145,1,6,4,7,6
812,421,5,90,0,16,10,3,7,3,7,5
813,2,5,7,0,18,18,2,2,0,3,7
814,25,1,9,2,1,1,2,1,0,3,8
815,336,123,274,46,123,141,5,6,5,12,3
816,191,9,97,0,6,82,2,6,1,5,7
817,563,50,774,28,31,187,1,7,7,12,3
818,31,0,6,0,1,8,1,1,0,3,6
819,479,5,82,7,17,171,2,7,6,5,5
820,18,6,15,12,8,17,3,2,1,3,5
821,91,65,52,10,44,28,3,3,2,6,5
822,5,7,24,19,14,20,4,3,0,4,6
823,2,14,28,16,3,7,4,4,0,3,9
824,362,50,431,134,35,54,1,3,6,7,1
825,724,74,929,97,55,130,1,5,6,7,2
826,605,91,399,0,45,205,2,3,6,8,3
827,547,7,140,0,7,63,3,7,5,8,5
828,104,1,54,13,9,14,2,3,1,5,5
829,8,2,15,0,10,18,4,3,1,3,5
830,224,2,25,7,0,110,2,5,3,3,6
831,384,0,102,21,32,5,3,6,2,9,4
832,556,54,845,202,133,63,1,7,7,10,3
833,24,0,2,0,0,9,2,1,1,2,5
834,408,0,21,0,0,17,3,7,1,7,8
835,265,199,303,234,9,170,7,10,2,12,7
836,34,0,7,0,0,0,1,1,0,3,7
837,374,64,116,84,25,64,3,6,2,11,5
838,27,2,10,0,0,1,2,1,0,3,8
839,600,20,350,29,30,33,1,6,9,10,2
840,13,2,18,6,1,0,2,2,0,3,8
841,167,2,89,0,0,34,6,6,1,4,8
842,0,2,3,4,1,5,1,0,0,3,6
843,46,35,69,84,41,66,6,4,1,6,7
844,88,39,78,58,13,93,2,6,1,4,7
845,243,11,119,10,3,15,3,4,2,8,4
846,275,11,68,25,7,7,3,5,1,8,5
847,6,0,4,0,0,0,1,1,0,2,7
848,121,62,90,68,20,125,3,2,3,8,3
849,4,12,15,19,7,12,2,2,0,3,7
850,1308,0,396,23,0,0,1,5,7,4,3
851,515,47,267,62,66,38,2,5,5,4,3
852,4,0,16,17,4,4,3,4,0,3,7
853,48,13,57,24,15,25,4,3,1,4,7
854,562,58,168,43,16,142,1,5,7,10,3
855,769,22,500,210,143,33,1,4,8,5,2
856,379,4,93,12,9,98,7,6,6,4,6
857,29,12,59,19,1,36,2,3,0,4,8
858,387,68,569,89,45,68,1,6,9,12,1
859,12,23,38,30,18,7,4,3,1,3,9
860,6,10,12,3,15,40,3,3,1,2,8
861,27,1,14,4,1,21,2,2,0,3,8
862,9,1,5,0,0,1,1,0,0,3,5
863,22,0,19,6,5,3,2,2,0,3,6
864,899,102,838,133,102,40,1,5,6,10,2
865,889,55,685,168,92,129,1,3,2,13,1
866,189,2,55,0,5,12,4,6,1,4,9
867,48,0,2,0,0,5,2,2,0,3,7
868,230,14,156,82,24,58,8,9,2,5,8
869,852,60,207,78,36,48,2,2,6,10,5
870,35,3,20,4,1,20,2,2,0,3,9
871,205,20,47,23,2,56,6,5,2,5,5
872,255,31,446,40,56,175,1,3,10,11,1
873,0,0,1,8,3,2,1,1,0,2,7
874,437,8,206,160,49,42,2,7,10,5,6
875,825,8,53,11,0,242,2,8,10,5,6
876,316,58,161,76,51,135,1,6,9,4,5
877,756,138,354,160,169,61,2,10,6,7,4
878,194,55,134,15,0,3,3,4,2,8,6
879,7,17,18,6,10,26,4,4,0,3,8
880,183,33,493,59,103,57,1,4,3,10,2
881,171,0,11,0,1,20,2,4,1,4,6
882,243,101,405,29,40,40,1,4,5,6,2
883,181,21,69,39,3,96,1,3,3,6,3
884,151,7,89,0,7,28,5,4,1,6,5
885,494,92,391,194,11,241,1,3,4,10,0
886,464,28,873,29,18,37,0,7,4,7,2
887,5,1,5,10,0,7,1,1,0,2,7
888,29,0,29,0,5,4,1,2,0,3,5
889,102,9,49,24,3,12,1,2,1,6,4
890,604,28,674,91,28,28,1,3,10,8,1
891,571,12,523,63,60,24,1,3,10,5,2
892,953,0,71,0,0,174,6,10,5,10,8
893,63,3,67,8,9,28,2,3,1,4,7
894,770,29,890,250,27,24,1,7,3,7,3
895,398,61,265,138,61,53,1,3,4,6,1
896,741,19,154,50,9,28,1,3,4,7,2
897,1478,19,403,0,19,0,1,7,6,6,3
898,156,29,56,30,32,47,2,3,2,7,3
899,960,64,464,146,0,16,1,6,9,9,3
900,38,0,2,0,0,6,1,1,0,3,7
901,315,26,473,220,12,182,1,2,10,6,1
902,15,20,25,2,7,26,1,2,0,4,6
903,19,6,20,0,5,12,3,1,1,4,4
904,812,99,431,237,149,33,1,11,4,10,5
905,73,28,217,10,24,115,3,6,1,6,8
906,372,23,384,250,12,108,1,4,5,9,2
907,871,111,704,145,55,166,1,4,4,10,2
908,375,152,335,93,91,81,1,5,4,6,2
909,760,80,466,17,13,80,1,6,9,5,3
910,471,0,510,99,21,12,1,6,4,9,2
911,31,9,27,16,9,33,1,1,1,4,3
912,819,0,72,12,0,63,2,11,2,10,7
913,1,4,3,8,9,7,1,1,0,3,8
914,203,35,305,46,17,227,1,2,11,5,1
915,26,0,15,2,1,2,2,3,0,3,8
916,354,21,311,167,75,32,1,9,3,4,4
917,1253,0,447,23,71,35,3,11,5,11,8
918,371,17,238,23,24,106,3,7,5,11,5
919,588,7,76,110,15,15,2,8,4,9,6
920,480,86,249,75,86,144,8,6,3,5,6
921,517,12,54,16,6,120,2,7,4,7,5
922,267,98,606,48,70,98,1,3,2,6,1
923,1111,24,790,160,45,172,0,5,8,5,2
924,7,7,14,7,16,15,3,2,1,3,7
925,1166,0,48,0,0,36,1,4,4,10,8
926,261,42,144,55,48,133,3,4,4,9,3
927,135,25,51,23,25,46,2,4,2,5,3
928,6,2,18,2,8,14,1,2,0,3,4
929,711,28,142,49,18,47,2,3,2,9,8
930,11,0,13,2,4,11,1,2,0,3,4
931,42,0,17,0,0,18,3,2,1,3,5
932,79,7,58,6,3,18,4,3,1,4,6
933,20,6,43,19,5,38,1,3,1,2,8
934,30,0,8,2,0,14,1,1,1,2,6
935,20,2,23,3,1,4,5,3,0,4,8
936,115,27,44,4,146,139,3,5,2,6,5
937,263,5,233,69,41,83,4,5,5,8,5
938,69,2,15,2,2,6,2,2,0,4,5
939,267,3,30,4,0,57,4,5,2,5,6
940,561,85,171,25,123,114,2,4,7,13,2
941,492,0,37,7,0,42,3,6,3,8,5
942,14,7,9,6,16,12,2,2,0,3,6
943,80,4,46,0,17,2,5,2,1,5,6
944,97,12,84,13,10,15,7,3,1,6,5
945,197,107,227,7,59,131,3,5,2,11,4
946,693,21,925,31,24,84,1,6,7,9,2
947,43,2,27,0,9,12,3,3,0,4,7
948,14,0,2,0,0,7,1,1,0,2,8
949,186,36,234,86,72,48,6,10,2,6,9
950,434,137,400,45,137,45,1,3,4,10,1
951,59,0,11,4,2,5,4,3,0,4,7
952,16,5,30,8,7,26,3,3,0,4,8
953,230,35,75,63,57,31,3,7,1,7,5
954,829,138,430,60,92,15,1,4,6,13,2
955,318,8,407,150,35,8,1,2,8,13,0
956,1206,55,445,168,18,18,1,2,4,12,1
957,292,3,77,10,3,26,7,6,3,5,7
958,30,9,12,2,11,30,3,2,0,4,4
959,729,17,133,11,0,195,5,10,6,7,7
960,12,1,3,0,0,7,1,0,1,2,4
961,2,1,1,1,0,1,0,0,0,0,14
962,22,3,18,0,0,11,1,2,0,3,7
963,587,43,337,42,87,54,3,11,6,9,6
964,674,168,108,192,42,231,1,5,11,6,3
965,284,3,84,4,7,23,2,4,2,8,4
966,1023,93,651,49,55,37,1,5,6,7,2
967,1394,22,708,89,91,182,1,9,7,9,5
968,311,26,640,180,37,121,1,4,9,13,2
969,27,0,12,0,1,5,2,2,0,3,5
970,1296,17,311,45,69,51,1,2,4,10,1
971,3,6,7,0,0,3,1,0,0,3,7
972,393,5,136,7,5,27,5,10,1,6,9
973,218,63,282,137,35,70,4,5,3,12,4
974,66,0,16,0,6,20,2,1,1,4,3
975,4,2,11,2,0,4,1,1,0,2,6
976,795,0,545,95,58,0,1,8,4,10,6
977,15,10,19,8,17,20,3,2,1,3,5
978,384,25,292,130,41,64,3,8,8,6,6
979,244,8,32,7,2,50,4,3,1,8,4
980,158,19,288,25,0,38,1,6,4,9,7
981,1285,21,449,106,20,20,1,4,3,4,1
982,349,16,144,28,5,182,5,8,5,4,8
983,4,12,11,3,13,15,2,2,0,3,8
984,223,2,31,0,2,39,5,5,2,4,8
985,157,43,127,68,56,37,6,3,8,4,4
986,397,46,288,20,38,70,2,6,5,10,3
987,901,31,345,75,31,191,1,4,4,11,1
988,14,3,21,2,1,28,4,3,1,2,8
989,10,0,3,0,0,4,1,1,0,2,6
990,1230,0,396,232,178,158,1,10,2,8,5
991,81,1,31,2,1,0,1,1,1,5,2
992,154,20,66,0,12,27,7,6,1,4,9
993,63,0,21,7,0,12,1,3,0,3,8
994,30,0,11,0,0,3,3,2,0,4,5
995,90,67,165,30,43,11,1,4,2,8,3
996,635,114,254,132,152,76,1,6,6,7,3
997,127,4,73,15,6,11,1,2,1,7,2
998,13,3,6,6,5,6,1,1,0,3,8
999,18,42,24,15,20,18,1,2,1,4,7
1000,45,2,26,4,1,1,3,3,1,3,7
1001,38,1,24,0,0,0,1,2,0,3,8
1002,986,36,168,16,0,108,7,11,3,4,7
1003,61,0,3,0,0,7,1,1,1,3,5
1004,4,9,16,17,0,12,2,2,1,2,8
1005,201,53,172,116,77,83,3,5,4,9,4
1006,19,8,29,0,12,26,1,2,2,2,7
1007,4,8,11,19,12,26,2,2,1,2,9
1008,18,0,2,0,0,2,1,1,0,3,4
1009,806,80,161,120,11,33,5,10,7,10,6
1010,380,98,733,110,112,28,1,8,8,5,3
1011,576,172,961,125,115,19,1,8,6,5,3
1012,458,81,356,106,50,40,1,4,4,7,2
1013,5,10,13,3,8,16,1,1,0,3,8
1014,350,60,568,110,133,145,1,5,6,7,2
1015,39,33,130,41,26,44,2,5,1,5,8
1016,26,1,16,2,2,15,4,3,0,4,4
1017,68,0,16,0,0,8,3,2,0,4,7
1018,45,3,9,4,4,7,1,1,2,2,6
1019,359,0,134,13,26,123,4,6,3,8,5
1020,403,24,29,6,24,218,2,5,5,6,3
1021,34,1,14,0,0,5,3,2,0,3,8
1022,73,18,66,7,12,2,15,0,1,0,19
1023,292,30,415,63,33,200,1,4,5,4,2
1024,14,0,16,0,0,6,1,1,1,2,6
1025,80,1,37,0,1,3,3,2,1,4,7
1026,30,11,33,13,6,29,1,2,0,4,4
1027,463,96,333,168,53,10,1,7,7,12,3
1028,75,12,141,43,39,187,6,6,1,5,8
1029,538,13,91,17,6,26,6,6,2,11,5
1030,635,114,254,132,152,76,1,6,6,7,3
1031,8,0,3,0,0,1,1,1,0,2,8
1032,1315,22,780,145,0,178,1,7,8,9,5
1033,4,2,12,7,5,26,2,1,2,2,6
1034,12,0,13,2,0,10,1,1,0,3,7
1035,347,44,534,17,0,26,1,3,5,12,2
1036,192,5,53,0,5,15,4,6,1,4,8
1037,241,0,12,0,0,25,1,5,1,5,7
1038,631,28,491,30,14,56,1,6,7,8,3
1039,336,28,282,184,54,54,1,2,8,6,1
1040,1099,0,45,0,0,34,11,3,4,10,8
1041,743,19,181,12,0,200,2,7,6,11,5
1042,124,83,267,85,59,35,2,5,2,11,5
1043,15,0,8,4,2,20,2,1,1,2,5
1044,397,19,69,12,0,9,1,4,4,8,2
1045,10,4,4,3,3,14,3,1,1,3,7
1046,530,117,678,134,44,147,1,4,10,8,1
1047,1215,33,249,64,116,149,8,8,9,8,6
1048,3,2,7,0,4,2,1,1,0,2,8
1049,444,44,382,11,8,17,1,3,7,13,2
1050,26,0,15,2,1,2,2,3,0,3,8
1051,736,114,279,82,76,190,6,5,6,8,3
1052,473,21,176,19,21,56,3,9,2,9,6
1053,32,0,5,2,0,8,2,2,0,3,5
1054,288,10,30,4,10,125,1,6,1,6,6
1055,1050,178,555,77,138,118,1,4,7,9,1
1056,1001,44,107,58,44,44,1,6,7,11,2
1057,9,1,7,0,3,2,2,1,0,3,7
1058,234,14,77,19,10,42,2,4,1,8,5
1059,7,2,6,2,0,3,1,1,0,2,7
1060,251,108,334,65,92,117,1,4,3,5,2
1061,172,10,125,21,13,16,6,7,2,4,9
1062,565,42,548,64,83,99,1,5,6,4,3
1063,5,0,8,2,0,0,1,0,0,3,4
1064,918,57,842,99,38,133,1,5,8,6,3
1065,652,8,158,21,0,142,4,11,6,5,8
1066,4,1,7,2,1,2,2,1,0,3,4
1067,152,27,103,106,54,81,0,9,9,4,5
1068,8,0,9,2,1,3,1,1,0,2,6
1069,336,130,411,240,32,43,1,4,7,5,2
1070,938,19,843,25,95,38,1,6,6,7,2
1071,68,8,18,19,8,12,2,2,1,4,5
1072,227,23,389,42,21,75,1,4,5,7,2
1073,38,4,22,3,3,3,3,3,0,3,8
1074,105,0,9,2,1,4,3,2,1,4,3
1075,162,50,100,55,30,27,1,4,2,8,4
1076,574,8,216,21,16,33,1,4,3,5,1
1077,160,80,369,67,39,41,1,3,3,8,1
1078,6,0,5,0,0,1,1,1,0,2,7
1079,614,35,160,58,35,35,2,5,8,10,5
1080,897,161,430,186,161,27,0,4,7,6,1
1081,70,54,109,80,9,45,2,4,1,7,5
1082,120,19,206,25,19,54,6,7,2,5,8
1083,211,2,30,7,7,10,2,4,1,6,5
1084,11,0,16,7,6,21,1,2,0,3,8
1085,760,53,400,17,93,0,1,4,5,11,2
1086,53,0,8,0,0,2,1,2,0,3,5
1087,7,4,13,15,8,17,2,2,0,4,5
1088,391,32,70,21,32,16,2,6,2,9,5
1089,199,9,57,20,21,6,7,4,1,7,4
1090,516,56,449,86,33,16,1,2,2,11,1
1091,709,45,115,30,160,45,1,8,2,5,5
1092,12,0,4,0,0,0,1,1,0,2,5
1093,1000,19,711,125,115,38,0,4,6,9,1
1094,19,3,18,3,1,0,3,3,0,3,8
1095,1224,28,140,0,14,168,3,3,3,5,6
1096,16,2,18,3,0,24,1,1,1,2,8
1097,88,39,54,64,28,153,1,3,5,3,6
1098,2,23,11,8,6,46,1,2,1,2,8
1099,508,11,59,23,5,29,5,11,1,6,9
1100,381,28,215,84,28,21,2,6,5,9,3
1101,74,0,42,2,1,6,2,2,1,4,7
1102,146,0,93,7,13,73,5,4,2,5,7
1103,23,17,23,43,20,9,1,2,1,4,3
1104,110,5,137,26,23,29,2,6,1,5,7
1105,165,3,147,4,24,41,7,6,2,5,8
1106,957,47,494,82,47,95,4,5,3,6,8
1107,41,0,17,3,1,16,2,1,1,3,3
1108,1,3,4,2,3,11,1,0,0,3,4
1109,176,29,818,0,33,112,1,7,6,11,4
1110,815,8,53,11,0,70,4,2,2,9,7
1111,6,1,2,2,0,4,1,1,0,2,7
1112,8,4,20,6,3,16,1,1,0,3,5
1113,717,42,864,219,30,84,2,6,7,9,3
1114,1067,138,750,0,19,39,1,7,5,8,4
1115,166,5,107,11,8,29,2,5,1,6,6
1116,29,4,34,2,4,4,3,3,0,3,9
1117,714,76,395,116,0,12,1,4,6,9,1
1118,8,4,10,2,2,4,2,3,0,3,5
1119,229,5,56,3,2,20,2,6,2,4,7
1120,320,48,133,39,72,48,4,6,2,10,4
1121,23,0,26,7,15,3,1,2,0,4,5
1122,1,5,8,4,8,20,2,2,1,2,6
1123,56,0,12,0,0,18,2,2,0,4,7
1124,508,124,249,50,38,134,1,6,5,13,3
1125,29,0,25,2,2,3,4,2,1,4,4
1126,46,7,59,2,4,27,2,3,1,3,6
1127,454,0,171,8,19,32,12,9,2,8,8
1128,350,3,39,0,0,19,2,9,1,4,8
1129,10,0,8,0,0,9,1,1,0,2,9
1130,735,40,183,52,20,30,2,9,3,13,6
1131,897,126,196,91,112,37,3,10,4,7,6
1132,5,2,3,3,0,5,1,1,0,2,8
1133,777,35,731,39,137,114,1,5,9,11,2
1134,162,6,37,6,13,13,2,1,3,6,1
1135,35,0,11,0,0,2,4,2,1,3,7
1136,342,9,112,19,14,19,10,5,2,9,7
1137,258,105,239,237,172,9,1,7,3,4,4
1138,658,80,483,123,13,13,1,3,2,5,1
1139,356,80,329,138,17,106,2,7,6,10,5
1140,213,5,28,7,7,41,1,4,1,6,5
1141,454,0,171,8,19,32,12,9,2,8,8
1142,457,4,29,0,0,9,1,8,1,7,7
1143,241,45,604,34,26,54,1,6,4,10,2
1144,210,0,6,0,0,2,2,4,1,5,7
1145,441,35,83,7,29,11,4,4,2,12,4
1146,19,13,18,10,7,8,1,1,1,3,3
1147,28,9,37,12,7,13,3,2,0,4,8
1148,476,75,162,29,151,97,1,4,4,8,2
1149,364,40,425,158,60,50,1,3,4,8,1
1150,0,0,2,3,3,8,1,1,0,2,5
1151,0,6,3,7,6,12,1,1,0,3,8
1152,863,83,547,86,99,33,1,8,2,5,5
1153,349,7,35,0,0,47,3,8,2,4,7
1154,5,23,15,0,18,14,2,2,0,3,8
1155,184,2,19,8,8,4,3,2,2,6,5
1156,8,0,8,0,0,2,1,1,0,2,8
1157,277,21,64,62,21,25,2,3,2,10,3
1158,44,5,19,0,4,19,3,2,0,4,5
1159,1156,120,915,94,144,96,1,3,4,10,1
1160,373,14,83,6,9,19,3,8,2,6,7
1161,134,8,76,6,0,11,1,4,1,5,6
1162,1148,0,60,0,0,24,3,9,5,4,7
1163,6,12,3,21,6,40,5,2,2,3,5
1164,4,1,11,0,0,1,1,1,0,2,7
1165,5,4,8,2,0,5,1,1,0,3,5
1166,24,2,20,2,2,10,2,1,0,4,4
1167,899,0,101,0,0,20,1,6,6,13,4
1168,108,1,28,13,1,4,2,3,1,4,8
1169,27,2,7,0,2,13,1,1,0,3,5
1170,816,66,549,216,66,99,1,5,6,4,3
1171,1298,0,70,37,14,42,4,7,4,10,4
1172,10,0,11,17,29,29,1,1,2,2,4
1173,87,13,34,10,6,10,1,4,0,4,5
1174,57,2,51,4,2,23,3,2,1,4,6
1175,635,15,100,20,7,131,1,9,3,9,6
1176,43,12,23,29,15,61,1,2,1,4,4
1177,964,34,137,15,0,11,2,5,2,10,8
1178,572,8,259,34,35,80,1,3,5,5,1
1179,341,142,113,259,151,66,3,6,6,12,5
1180,63,6,57,13,13,22,4,2,1,5,4
1181,221,104,169,102,78,84,3,9,2,8,7
1182,140,3,29,4,5,14,2,3,2,4,4
1183,1,2,8,4,3,13,2,1,1,2,7
1184,291,10,689,84,10,0,1,3,4,9,1
1185,544,13,85,8,6,29,3,10,4,5,8
1186,684,100,801,21,66,0,1,6,9,10,2
1187,1,12,9,0,14,7,1,2,0,3,7
1188,35,0,4,0,0,10,1,1,1,2,5
1189,87,3,25,3,2,13,2,3,0,4,7
1190,309,3,24,4,3,20,2,5,1,7,7
1191,172,73,93,95,78,34,2,2,4,10,1
1192,625,38,242,50,34,76,2,7,11,11,4
1193,972,59,913,25,19,59,1,5,9,6,3
1194,157,6,39,6,13,75,5,4,1,5,6
1195,48,9,45,3,15,20,4,2,1,4,6
1196,279,83,88,32,14,34,1,4,2,10,3
1197,132,0,16,0,0,4,5,3,1,4,9
1198,919,0,505,99,30,45,1,4,9,10,2
1199,62,0,22,3,1,26,2,2,2,2,7
1200,1,45,3,4,6,42,3,3,1,3,8
1201,2,6,4,3,1,9,1,1,0,2,8
1202,408,61,109,48,122,41,1,5,7,9,4
1203,51,1,7,2,1,25,2,2,1,2,8
1204,62,1,16,3,2,6,4,2,1,4,5
1205,952,12,180,47,12,12,2,5,4,9,3
1206,618,15,106,20,7,45,1,11,2,8,6
1207,11,7,12,2,2,27,2,2,1,2,5
1208,318,3,17,4,7,56,5,4,1,8,4
1209,56,0,14,0,0,2,3,3,0,3,7
1210,110,5,59,7,1,7,5,5,0,4,8
1211,23,0,11,2,1,3,1,1,0,3,5
1212,27,5,8,8,3,12,3,3,0,4,4
1213,18,3,19,3,3,6,2,2,0,3,8
1214,18,0,9,0,1,11,1,1,0,3,6
1215,303,0,280,60,147,15,4,8,2,11,6
1216,97,1,19,2,0,11,1,2,1,4,3
1217,997,15,414,99,30,76,1,5,6,12,2
1218,5,4,13,8,0,4,1,1,0,3,8
1219,95,11,35,0,4,7,4,2,1,5,6
1220,1,6,2,3,6,3,1,1,0,3,7
1221,46,1,12,3,0,9,2,2,0,3,4
1222,411,106,147,54,115,66,1,5,10,7,1
1223,244,51,270,101,0,45,1,1,3,5,1
1224,152,9,121,12,12,45,4,6,2,4,8
1225,1,1,3,1,1,1,15,0,0,0,20
1226,10,17,18,8,26,40,4,3,2,2,9
1227,12,0,5,0,0,4,1,0,1,2,5
1228,5,0,4,0,0,1,1,1,0,2,8
1229,790,19,133,12,0,19,3,8,3,13,6
1230,882,29,514,38,29,44,1,4,2,6,3
1231,615,28,259,12,48,30,4,6,5,13,4
1232,1004,59,265,115,59,27,2,11,10,11,6
1233,133,27,421,13,195,71,2,7,3,5,4
1234,595,23,123,10,23,154,2,8,9,4,6
1235,293,0,87,4,11,23,4,7,2,5,7
1236,313,15,47,20,0,192,2,7,4,3,6
1237,151,81,86,168,91,64,2,4,2,11,2
1238,15,0,2,0,0,6,1,1,0,2,6
1239,736,63,946,219,189,126,1,4,7,11,2
1240,15,0,8,4,2,20,2,1,1,2,5
1241,982,17,672,23,34,51,1,6,2,8,2
1242,1142,51,415,90,69,37,1,7,8,11,3
1243,28,0,11,0,0,9,3,2,0,3,8
1244,46,0,12,0,2,23,2,2,1,2,7
1245,897,161,430,186,161,27,0,4,7,6,1
1246,489,6,152,8,6,132,10,9,4,6,8
1247,25,4,9,6,8,32,3,2,1,3,7
1248,145,1,33,2,1,1,1,4,1,4,6
1249,630,26,611,44,18,54,1,6,6,6,2
1250,760,38,104,50,9,38,2,7,3,4,4
1251,420,15,186,151,38,15,3,5,3,13,3
1252,125,17,52,3,19,30,4,5,1,4,8
1253,464,5,64,7,0,70,8,9,1,7,8
1254,6,6,29,12,15,8,3,2,1,3,8
1255,1090,12,96,16,12,60,4,3,4,11,8
1256,3,2,11,2,2,10,1,1,0,2,6
1257,24,0,27,8,30,10,2,3,0,3,7
1258,737,21,106,55,63,210,0,6,7,9,3
1259,254,6,71,4,0,27,5,5,1,7,5
1260,817,185,687,145,55,241,1,4,6,8,2
1261,620,54,239,99,98,119,2,9,7,10,7
1262,13,4,20,0,0,1,2,1,0,3,9
1263,113,61,204,34,26,47,2,7,1,7,8
1264,7,23,78,133,49,144,2,4,2,5,7
1265,16,2,18,2,1,5,1,1,0,3,7
1266,462,0,24,6,0,4,2,9,2,5,7
1267,22,2,10,6,4,34,2,1,2,2,4
1268,968,147,842,137,42,210,1,5,7,10,2
1269,283,112,151,51,72,125,2,7,2,10,6
1270,1,2,5,6,0,3,1,1,0,2,7
1271,14,1,7,2,1,1,1,2,0,2,9
1272,30,5,24,6,3,8,2,2,0,4,5
1273,4,0,5,0,1,5,1,1,0,2,7
1274,52,0,9,0,0,1,2,1,0,4,4
1275,62,1,57,19,11,48,2,2,1,5,2
1276,20,2,14,3,0,10,1,2,0,2,9
1277,545,7,114,37,21,78,5,7,2,11,5
1278,558,79,622,207,175,95,1,4,6,4,1
1279,6,5,4,13,4,25,4,2,1,3,6
1280,1111,24,790,160,45,172,0,5,8,5,2
1281,4,6,8,6,3,10,1,2,0,3,7
1282,183,5,65,3,5,49,5,5,2,4,9
1283,546,72,376,94,145,72,1,5,5,8,3
1284,606,7,155,10,0,54,5,10,3,8,7
1285,266,6,51,8,6,64,6,7,1,5,8
1286,1142,29,249,38,29,14,1,5,5,12,2
1287,1074,0,69,0,0,46,1,10,4,13,6
1288,771,51,154,54,10,154,7,11,2,12,6
1289,371,32,189,0,58,6,2,5,4,10,4
1290,556,14,717,210,0,43,1,7,5,10,4
1291,202,5,74,11,5,14,3,6,1,5,7
1292,209,162,209,41,162,37,5,4,7,10,2
1293,35,40,111,36,40,12,3,3,1,7,4
1294,37,0,17,0,0,3,3,3,0,3,9
1295,171,45,73,59,10,90,4,3,2,8,4
1296,12,2,20,3,2,5,1,1,0,3,7
1297,44,4,21,6,0,27,2,3,0,3,7
1298,20,2,9,4,6,20,1,1,1,2,4
1299,779,86,537,34,69,138,1,5,9,12,3
1300,170,6,97,24,12,88,3,6,1,5,6
1301,491,48,231,112,105,134,2,5,7,12,1
1302,173,8,107,7,2,176,4,7,2,3,9
1303,7,10,13,16,0,4,2,3,0,3,8
1304,1205,0,235,19,14,205,6,6,3,13,7
1305,10,7,25,6,3,7,1,3,0,3,7
1306,97,4,44,6,1,18,1,3,1,4,5
1307,67,11,26,4,3,262,0,1,0,1,17
1308,345,53,528,98,75,97,1,8,3,5,4
1309,6,5,17,3,24,46,2,2,2,2,7
1310,73,57,100,71,15,0,5,6,1,5,9
1311,711,36,217,172,96,168,3,7,4,7,4
1312,774,70,118,182,187,93,1,4,9,13,1
1313,163,0,480,0,126,75,1,6,5,8,9
1314,82,33,54,71,30,41,2,5,2,4,5
1315,358,108,413,141,97,32,1,2,8,6,1
1316,66,2,40,4,3,14,1,3,1,3,6
1317,13,6,7,0,3,3,1,1,0,3,6
1318,139,13,78,20,13,36,3,7,1,3,9
1319,274,0,21,4,6,15,1,5,1,6,6
1320,262,6,61,0,10,102,3,5,2,6,5
1321,1099,0,45,0,0,34,11,3,4,10,8
1322,32,0,8,23,4,18,1,1,0,4,6
1323,2,4,2,0,11,5,1,1,0,2,9
1324,6,10,21,19,14,42,2,2,1,3,6
1325,6,7,4,3,4,6,1,1,0,3,6
1326,135,46,92,65,61,11,2,5,2,7,5
1327,641,7,84,0,30,38,3,10,4,7,6
1328,714,76,395,116,0,12,1,4,6,9,1
1329,794,73,573,0,29,14,1,4,8,10,2
1330,420,0,452,182,64,140,1,6,6,4,2
1331,1,2,7,4,3,11,1,0,1,2,8
1332,86,12,75,33,15,6,1,4,1,5,4
1333,823,25,459,124,29,95,1,6,6,7,4
1334,231,161,215,171,30,53,2,8,2,11,5
1335,8,15,27,0,20,33,2,3,1,2,8
1336,182,17,259,77,70,29,1,6,2,10,4
1337,557,129,984,193,37,18,1,5,8,5,2
1338,79,1,31,4,4,12,3,2,1,4,6
1339,368,24,68,38,0,88,6,8,2,6,7
1340,6,4,14,8,8,22,2,2,1,2,8
1341,160,15,196,15,11,50,8,6,1,7,8
1342,488,21,238,56,108,28,1,8,7,11,6
1343,691,7,69,0,7,23,4,2,2,7,8
1344,543,10,205,160,143,82,1,6,3,6,3
1345,254,7,108,20,0,26,3,6,3,5,6
1346,5,4,10,2,2,7,1,1,0,3,8
1347,112,19,21,16,14,5,3,4,1,4,7
1348,134,11,59,15,2,30,1,3,2,5,2
1349,143,6,52,11,8,17,2,4,1,5,5
1350,51,4,24,4,7,1,2,2,0,4,6
1351,27,0,5,0,0,3,2,1,0,3,8
1352,459,0,24,6,0,4,6,4,5,7,6
1353,689,8,167,11,8,88,5,8,4,11,6
1354,283,10,38,0,13,27,4,7,2,4,8
1355,347,0,35,4,3,7,6,4,2,8,5
1356,5,13,14,0,5,31,2,2,1,2,6
1357,280,0,18,0,0,24,3,5,1,6,7
1358,95,14,64,2,9,38,1,4,2,3,7
1359,84,10,34,11,10,28,4,3,1,4,6
1360,18,3,17,3,0,4,1,2,0,3,9
1361,992,24,694,51,19,119,0,5,10,5,1
1362,9,1,7,0,3,2,2,1,0,3,7
1363,19,1,17,2,0,2,1,1,0,3,8
1364,709,93,374,104,80,80,1,8,6,6,3
1365,158,0,76,13,7,71,6,4,4,3,5
1366,10,14,29,4,2,36,3,2,1,4,4
1367,25,1,13,0,0,3,1,1,0,3,7
1368,8,4,12,15,4,29,2,1,1,2,4
1369,14,0,6,0,0,0,2,2,0,3,5
1370,622,7,115,30,0,15,2,6,3,12,5
1371,11,0,3,0,0,1,1,1,0,2,6
1372,25,3,16,8,5,2,2,2,1,3,6
1373,635,15,100,20,7,131,1,9,3,9,6
1374,100,64,79,65,0,109,2,6,2,4,7
1375,201,2,43,3,5,35,4,5,1,5,6
1376,642,14,49,0,7,57,1,9,2,9,5
1377,97,1,41,6,2,41,2,4,1,3,7
1378,204,5,39,17,0,89,3,5,2,4,8
1379,513,7,133,46,14,14,6,8,4,8,8
1380,88,3,21,4,1,29,4,3,0,4,9
1381,172,12,112,8,0,15,4,6,1,5,7
1382,329,35,222,130,35,43,2,7,5,8,4
1383,296,13,104,11,13,17,3,4,2,9,3
1384,100,2,16,2,1,31,4,3,2,2,9
1385,422,7,238,69,46,15,1,7,2,12,4
1386,1218,16,272,104,0,80,2,5,3,6,6
1387,5,1,7,2,1,4,1,1,0,2,7
1388,507,93,520,242,40,26,1,5,10,5,1
1389,52,12,50,4,36,55,3,5,0,3,9
1390,191,56,139,51,8,100,4,4,3,8,4
1391,2,23,11,8,6,46,1,2,1,2,8
1392,68,28,39,16,30,41,1,2,2,5,2
1393,20,4,10,6,4,17,2,2,0,3,6
1394,20,3,16,0,4,1,3,2,0,4,6
1395,7,0,1,0,0,0,1,1,0,2,6
1396,279,172,74,38,8,246,1,2,10,10,1
1397,977,12,253,16,12,101,4,4,3,12,8
1398,30,1,8,0,0,3,1,1,0,3,7
1399,6,1,7,23,4,19,1,1,1,2,8
1400,3,18,26,11,8,12,3,2,0,4,7
1401,14,0,2,0,0,7,1,1,0,2,8
1402,10,1,7,0,0,1,1,1,0,2,8
1403,7,10,17,8,6,13,2,2,0,3,7
1404,33,87,64,175,16,74,1,6,1,6,7
1405,12,0,13,2,0,10,1,1,0,3,7
1406,2,3,10,11,2,10,1,1,0,3,6
1407,693,21,118,110,147,42,1,6,5,11,2
1408,9,3,15,2,3,2,2,2,0,3,6
1409,129,26,67,3,67,2,5,6,1,5,7
1410,16,2,11,3,0,16,2,1,1,2,8
1411,201,2,43,3,5,35,4,5,1,5,6
1412,5,4,5,4,2,10,1,0,1,2,7
1413,14,36,11,3,26,35,1,1,1,4,2
1414,29,12,59,19,1,36,2,3,0,4,8
1415,26,2,19,10,5,8,3,2,1,3,8
1416,9,1,4,3,2,3,1,1,0,2,6
1417,14,0,23,4,5,19,3,3,0,3,9
1418,972,19,595,180,26,138,3,3,7,10,3
1419,966,168,672,246,105,126,1,7,5,10,4
1420,99,27,102,28,48,6,1,2,2,8,1
1421,482,35,553,72,160,17,1,4,4,9,2
1422,714,8,99,11,0,47,4,10,7,5,8
1423,587,54,348,71,54,130,1,4,4,8,2
1424,399,27,159,58,8,39,4,4,4,5,2
1425,56,10,92,19,7,25,3,3,2,4,5
1426,227,151,573,98,54,31,1,3,4,9,1
1427,703,102,601,0,58,43,1,3,11,8,1
1428,37,0,17,0,0,3,1,2,0,3,7
1429,167,13,180,86,13,70,2,7,3,5,8
1430,458,81,356,106,50,40,1,4,4,7,2
1431,91,3,52,2,1,31,3,4,0,4,8
1432,15,8,16,11,5,22,4,2,0,4,6
1433,1302,68,731,89,114,45,0,6,7,12,2
1434,153,64,123,116,64,14,2,5,2,9,6
1435,508,5,21,7,5,10,4,7,3,7,5
1436,290,59,177,77,5,29,7,4,6,8,3
1437,38,0,2,0,0,6,1,1,0,3,7
1438,2,13,6,7,5,11,3,3,0,3,7
1439,30,0,10,2,0,5,1,1,0,3,7
1440,386,23,95,54,41,196,4,2,11,5,2
1441,443,10,75,0,10,48,4,8,1,8,8
1442,901,31,345,75,31,191,1,4,4,11,1
1443,9,0,3,0,0,1,1,0,0,3,3
1444,846,84,352,91,56,42,4,9,4,8,5
1445,8,3,9,19,4,22,3,1,1,3,6
1446,72,7,58,13,1,24,4,4,1,3,8
1447,29,0,5,0,1,5,1,1,0,3,5
1448,169,24,553,188,0,144,1,8,5,4,7
1449,460,35,422,33,12,153,2,6,6,7,4
1450,69,8,26,12,7,12,2,3,0,4,7
1451,556,14,717,210,0,43,1,7,5,10,4
1452,73,0,13,0,1,0,1,2,1,3,3
1453,112,1,54,7,7,36,1,3,2,4,3
1454,944,0,60,0,0,30,2,7,5,13,5
1455,265,199,303,234,9,170,7,10,2,12,7
1456,526,28,135,10,21,99,3,5,3,12,5
1457,2,3,12,3,5,7,1,1,0,3,8
1458,2,4,9,10,5,16,2,1,0,3,7
1459,378,97,259,197,194,34,2,7,3,6,4
1460,553,25,142,65,67,8,3,6,3,13,4
1461,751,127,687,20,15,31,1,4,6,4,2
1462,406,0,30,0,0,8,7,8,2,5,7
1463,1449,89,161,69,35,107,2,11,8,8,6
1464,123,17,171,39,0,30,5,6,2,5,6
1465,267,42,309,55,42,21,10,7,4,9,5
1466,209,0,40,3,2,15,4,6,1,4,8
1467,1259,172,815,97,148,33,1,7,11,10,4
1468,344,35,178,15,23,17,7,7,2,9,6
1469,22,3,30,0,5,15,2,2,0,4,6
1470,247,161,295,210,85,47,2,4,7,13,2
1471,38,0,12,3,1,1,1,2,0,3,7
1472,896,10,101,13,10,34,6,4,2,9,9
1473,931,56,253,91,98,14,4,9,5,7,5
1474,758,12,385,33,89,89,1,9,7,13,4
1475,216,9,57,20,9,125,7,4,3,5,5
1476,2,3,10,11,2,10,1,1,0,3,6
1477,244,15,108,4,15,50,6,7,1,6,8
1478,539,6,91,8,6,97,13,8,2,9,8
1479,1181,26,120,17,13,39,2,5,10,5,8
1480,750,8,125,11,8,26,1,4,3,6,2
1481,306,5,109,21,109,92,9,5,2,10,6
1482,350,104,189,197,151,57,6,11,8,5,8
1483,331,197,170,58,152,35,1,2,8,13,1
1484,620,16,165,0,24,82,5,5,5,12,5
1485,434,137,400,45,137,45,1,3,4,10,1
1486,57,0,27,0,0,36,4,3,2,2,8
1487,811,76,428,99,137,107,3,10,4,9,7
1488,423,42,706,73,197,197,1,4,8,9,2
1489,2,12,10,6,13,30,1,3,1,2,8
1490,60,51,87,6,20,51,2,4,2,4,5
1491,675,0,85,10,7,77,5,10,3,8,8
1492,30,8,12,8,8,12,1,2,0,4,5
1493,40,1,40,4,3,18,1,3,0,3,8
1494,3,17,26,20,1,39,2,2,0,3,9
1495,910,111,724,49,74,55,1,10,2,6,3
1496,252,98,827,219,70,196,1,4,5,12,3
1497,34,6,21,11,4,8,1,2,1,3,6
1498,19,3,19,3,1,3,2,2,0,3,7
1499,2,1,1,0,0,1,0,0,0,0,14
1500,490,0,184,10,28,21,12,7,4,9,7
1501,332,194,377,149,125,57,0,4,6,7,1
1502,53,8,17,13,0,21,3,2,2,2,7
1503,784,48,560,42,176,48,1,4,6,4,3
1504,7,11,3,10,4,20,2,1,1,3,5
1505,1171,43,219,19,14,47,4,6,3,13,9
1506,215,7,33,3,0,13,6,5,1,5,7
1507,674,62,134,0,26,8,4,7,3,13,5
1508,57,0,27,0,0,36,4,3,2,2,8
1509,5,36,7,0,10,45,2,3,0,3,8
1510,104,20,101,24,15,5,6,5,1,5,9
1511,9,0,7,2,0,4,1,1,1,2,8
1512,431,82,441,80,20,102,1,3,6,6,1
1513,1000,0,76,0,0,10,3,3,4,9,8
1514,448,40,469,80,0,91,3,11,2,12,7
1515,33,4,24,4,2,5,2,3,0,4,7
1516,505,72,270,36,27,54,4,9,2,12,5
1517,267,38,701,149,165,63,1,5,4,10,3
1518,14,0,3,0,0,1,1,0,0,3,5
1519,631,0,115,10,7,30,3,9,2,10,7
1520,65,4,16,0,4,11,1,3,0,3,8
1521,10,12,12,25,1,20,1,2,0,3,6
1522,51,4,50,12,1,49,1,4,0,3,8
1523,293,35,179,46,59,65,2,8,3,7,7
1524,11,1,2,2,1,6,1,0,0,3,6
1525,50,1,27,6,7,1,1,1,1,4,1
1526,173,26,255,35,71,81,1,4,4,7,1
1527,423,184,368,13,97,21,1,6,4,6,5
1528,292,30,415,63,33,200,1,4,5,4,2
1529,757,80,217,29,80,11,5,9,6,12,6
1530,12,1,6,0,1,5,2,1,0,3,7
1531,167,2,44,6,2,19,7,4,2,4,8
1532,3,1,3,8,0,5,1,1,0,2,7
1533,30,5,22,8,9,28,4,2,1,4,6
1534,532,88,168,69,44,133,3,7,3,13,5
1535,29,12,59,19,1,36,2,3,0,4,8
1536,411,0,26,0,0,21,6,7,1,7,7
1537,5,3,4,4,1,0,1,1,0,2,8
1538,71,99,278,185,121,38,1,5,10,5,1
1539,46,0,40,3,0,3,2,3,0,3,8
1540,268,11,88,15,3,22,2,6,3,5,5
1541,928,63,254,0,12,12,4,5,4,10,4
1542,459,15,171,142,23,31,2,5,4,12,2
1543,483,0,108,0,6,36,5,11,1,6,9
1544,733,9,180,12,19,66,11,6,3,5,4
1545,1006,22,115,59,68,45,1,7,6,12,3
1546,34,1,14,0,0,5,3,2,0,3,8
1547,1156,120,915,94,144,96,1,3,4,10,1
1548,7,4,23,7,0,11,1,1,0,3,7
1549,244,15,108,4,15,50,6,7,1,6,8
1550,233,0,23,0,0,12,4,5,1,5,8
1551,35,3,67,10,8,24,1,3,1,3,6
1552,1252,0,465,46,35,0,1,4,5,8,1
1553,34,4,66,3,10,20,1,2,1,4,7
1554,255,43,134,37,14,24,1,7,2,7,7
1555,8,1,5,0,0,1,1,1,0,2,6
1556,368,32,639,13,43,10,1,4,7,5,1
1557,255,47,573,52,32,15,1,5,3,6,1
1558,33,8,10,2,10,3,2,2,1,3,4
1559,163,23,424,27,65,76,1,3,10,13,1
1560,15,0,8,4,2,20,2,1,1,2,5
1561,45,12,52,25,22,13,4,3,1,4,7
1562,48,58,68,16,66,43,1,3,2,6,2
1563,158,6,45,8,2,2,7,3,2,5,7
1564,754,160,625,63,32,48,1,7,5,12,3
1565,108,1,28,13,1,4,2,3,1,4,8
1566,199,66,315,97,174,41,1,4,3,5,2
1567,2,7,5,2,15,27,1,2,0,2,9
1568,202,5,74,11,5,14,3,6,1,5,7
1569,85,0,3,0,0,7,1,2,0,4,3
1570,322,3,50,4,3,42,5,7,1,6,8
1571,18,2,19,0,2,6,5,3,0,4,7
1572,141,8,129,3,11,47,3,7,1,4,9
1573,739,107,309,140,80,35,1,2,5,13,6
1574,18,0,6,3,3,5,1,1,1,3,2
1575,378,0,88,19,4,73,4,8,5,3,7
1576,1083,108,649,253,151,108,1,4,7,12,2
1577,1016,12,215,16,12,63,1,4,5,10,3
1578,23,1,6,0,0,2,2,1,0,3,4
1579,12,1,21,2,2,3,2,2,0,3,7
1580,35,0,4,0,0,0,1,2,0,2,8
1581,548,31,422,0,112,28,4,5,5,11,3
1582,342,32,230,34,32,40,5,10,5,4,9
1583,365,3,15,4,3,11,5,7,2,5,6
1584,397,19,69,12,0,9,1,4,4,8,2
1585,456,19,832,75,118,38,1,4,5,11,3
1586,5,6,15,11,7,13,1,2,0,3,9
1587,836,185,575,24,25,77,1,6,3,9,4
1588,100,2,128,23,7,10,4,5,1,5,8
1589,10,0,10,3,1,7,2,1,1,2,8
1590,238,115,215,169,69,76,3,5,3,13,4
1591,6,0,5,2,1,2,1,1,0,2,7
1592,158,11,99,15,11,17,2,3,2,7,3
1593,86,12,75,33,15,6,1,4,1,5,4
1594,856,0,76,12,9,199,7,9,6,9,8
1595,98,1,17,0,1,5,1,3,0,4,7
1596,4,16,20,0,17,20,3,2,0,4,8
1597,398,96,447,220,96,32,1,5,7,6,3
1598,313,8,104,6,4,126,9,8,1,6,9
1599,109,18,16,24,26,18,4,3,1,5,4
1600,216,2,6,0,0,9,2,5,1,4,7
1601,595,71,153,120,112,41,6,3,2,10,9
1602,123,133,142,71,44,88,1,6,2,8,6
1603,16,0,23,3,2,10,3,4,1,2,7
1604,11,12,35,3,5,12,1,3,0,3,7
1605,410,112,420,0,82,71,1,9,3,13,4
1606,159,2,51,6,2,24,3,4,1,5,5
1607,105,0,10,0,1,0,2,2,1,4,5
1608,5,1,8,0,0,1,1,1,0,2,8
1609,269,15,69,15,19,38,2,4,6,4,5
1610,629,0,70,0,0,35,6,11,2,7,8
1611,443,5,71,21,16,82,2,8,2,7,7
1612,217,77,373,111,23,93,1,3,6,12,1
1613,24,1,10,2,0,4,2,2,0,3,5
1614,9,1,5,4,5,7,1,1,0,3,7
1615,8,0,14,2,3,7,1,1,0,3,5
1616,1459,0,61,0,15,215,5,2,5,6,5
1617,230,48,214,13,32,75,8,9,1,7,9
1618,1,3,6,10,0,9,1,1,0,3,5
1619,340,21,134,258,14,56,1,7,5,8,4
1620,7,1,6,0,3,3,1,0,0,3,4
1621,298,7,68,4,0,19,2,6,2,6,6
1622,479,35,179,28,7,85,1,5,3,12,2
1623,267,140,599,34,12,127,1,7,5,7,6
1624,67,4,32,17,2,16,3,2,1,4,4
1625,3,1,8,23,2,18,3,2,1,3,3
1626,980,37,265,35,163,31,1,3,6,12,6
1627,50,4,28,6,3,26,3,3,1,2,9
1628,19,0,5,0,0,8,2,1,0,3,6
1629,30,5,23,4,1,4,1,2,0,3,7
1630,213,9,76,4,3,30,3,5,2,5,7
1631,539,30,92,80,46,38,1,5,3,13,3
1632,284,16,160,84,16,134,6,7,4,6,6
1633,1003,34,536,134,51,34,1,4,6,6,2
1634,239,13,143,45,4,52,9,6,2,7,6
1635,51,23,82,33,0,42,4,5,1,3,9
1636,527,24,230,32,24,65,2,6,4,12,4
1637,19,5,12,10,3,19,3,3,1,2,6
1638,40,2,15,8,0,6,1,1,1,3,4
1639,21,8,20,15,3,9,1,2,0,3,7
1640,593,30,91,29,22,7,1,6,3,12,4
1641,21,5,3,10,1,7,3,1,1,4,2
1642,1181,107,199,39,30,30,2,7,3,13,8
1643,1004,59,265,115,59,27,2,11,10,11,6
1644,202,2,46,3,2,10,2,4,2,5,7
1645,446,107,768,33,196,53,1,5,6,6,2
1646,1184,102,673,52,40,40,1,7,4,10,6
1647,390,22,323,104,35,107,1,6,8,6,3
1648,726,53,363,123,107,161,4,8,9,13,5
1649,8,8,22,24,11,9,1,1,1,4,4
1650,50,15,110,39,15,15,4,5,1,4,8
1651,1,1,4,11,9,10,1,1,0,3,8
1652,308,0,73,0,0,23,2,5,1,8,7
1653,22,2,31,7,4,5,1,2,0,3,7
1654,690,117,499,76,102,88,1,5,10,7,3
1655,43,5,28,7,6,33,4,3,1,3,5
1656,27,0,10,0,0,4,4,2,0,4,5
1657,6,0,3,0,0,1,1,0,0,3,3
1658,205,7,41,3,2,46,2,4,2,5,5
1659,24,0,8,0,1,4,1,1,0,3,5
1660,667,50,850,21,83,83,1,4,6,5,2
1661,691,7,61,10,0,46,4,10,4,7,8
1662,493,26,206,116,80,80,4,8,3,12,6
1663,493,70,324,146,40,84,1,3,7,11,1
1664,494,5,82,7,0,100,3,7,2,9,7
1665,621,73,414,78,48,85,1,8,4,6,5
1666,9,0,5,0,0,7,1,1,0,2,8
1667,1,6,2,8,2,12,1,1,0,2,7
1668,12,4,19,12,6,14,1,2,0,3,8
1669,243,131,217,85,6,26,2,3,3,13,2
1670,11,1,4,2,0,7,1,1,0,2,7
1671,532,21,127,26,20,20,0,4,2,5,1
1672,29,0,2,0,0,1,1,1,0,3,7
1673,612,91,520,258,107,107,2,9,6,8,5
1674,387,126,342,0,45,180,5,8,4,11,6
1675,56,0,14,0,0,2,3,3,0,3,7
1676,6,8,19,16,4,4,3,3,0,4,7
1677,582,0,65,0,0,13,6,8,2,9,5
1678,6,17,16,6,16,42,4,3,1,3,8
1679,70,6,69,2,3,3,3,3,1,4,7
1680,962,12,194,16,24,12,4,7,8,13,6
1681,112,10,107,30,0,20,2,5,2,4,7
1682,293,0,124,179,97,52,1,7,2,10,5
1683,199,12,31,3,12,7,1,3,3,5,3
1684,1060,61,835,80,20,101,1,4,7,10,1
1685,940,44,396,0,88,58,1,8,7,7,4
1686,44,2,11,2,3,7,1,1,0,4,5
1687,342,51,936,207,35,26,1,5,8,12,3
1688,2,10,11,12,9,20,2,3,0,3,6
1689,75,12,141,43,39,187,6,6,1,5,8
1690,520,20,367,39,81,40,2,6,3,6,5
1691,5,3,9,6,2,6,2,2,0,3,7
1692,87,5,71,7,12,29,5,4,1,4,7
1693,462,61,184,10,53,107,4,7,5,9,6
1694,2,2,1,3,1,2,1,1,0,2,8
1695,979,44,935,29,25,22,1,7,5,12,3
1696,704,129,853,120,74,111,1,5,6,7,2
1697,861,31,558,62,95,79,0,6,5,13,2
1698,172,3,115,16,0,18,5,6,1,5,8
1699,5,7,31,15,4,7,3,2,1,3,6
1700,194,2,56,0,0,0,5,4,1,6,8
1701,9,7,13,3,2,20,1,1,1,2,6
1702,505,72,270,36,27,54,4,9,2,12,5
1703,533,10,217,198,174,195,2,7,6,13,4
1704,48,0,14,0,0,6,2,2,0,3,6
1705,6,1,7,23,4,19,1,1,1,2,8
1706,18,2,10,0,0,25,1,1,1,2,7
1707,482,147,509,104,107,107,1,3,5,12,1
1708,204,97,97,21,118,26,1,5,2,10,4
1709,1073,0,250,153,14,14,4,7,10,5,5
1710,245,16,223,21,43,16,2,8,1,8,6
1711,560,21,442,29,44,29,1,4,5,13,1
1712,173,13,131,32,3,6,4,6,1,6,7
1713,22,1,11,0,5,3,1,1,0,3,8
1714,136,1,12,0,3,32,2,4,1,3,6
1715,275,0,86,10,23,66,5,6,3,5,8
1716,56,19,29,2,14,25,1,3,1,3,8
1717,303,23,751,82,26,191,1,6,5,13,4
1718,708,7,62,0,0,15,2,11,3,7,8
1719,324,132,693,27,118,88,1,4,11,7,2
1720,1,5,3,7,4,8,1,1,0,2,7
1721,620,26,195,34,17,141,1,6,4,13,2
1722,312,21,206,102,92,149,3,7,3,10,5
1723,1493,86,454,112,43,43,2,4,4,5,2
1724,918,21,118,13,10,21,3,8,3,5,6
1725,98,0,106,49,10,106,5,5,1,5,6
1726,3,4,7,15,8,11,1,1,0,3,7
1727,380,0,47,6,0,34,4,7,1,7,8
1728,15,0,12,7,3,7,3,2,0,3,7
1729,3,9,4,7,8,7,4,1,1,4,3
1730,24,2,23,0,8,24,3,2,1,3,6
1731,80,1,60,4,6,16,2,5,1,2,9
1732,31,0,6,2,1,5,2,1,0,4,4
1733,138,120,204,16,126,60,3,7,4,7,5
1734,166,75,96,119,107,59,3,7,2,8,4
1735,12,3,8,8,0,17,2,2,0,3,7
1736,178,3,85,71,66,58,2,3,3,8,2
1737,707,20,171,65,60,50,1,9,7,9,5
1738,5,1,7,17,14,11,2,2,1,3,6
1739,465,71,250,93,35,62,3,9,2,12,6
1740,16,1,2,0,0,1,1,1,0,3,5
1741,358,108,413,141,97,32,1,2,8,6,1
1742,1,9,7,2,14,10,1,2,0,3,6
1743,123,1,26,2,0,72,2,3,2,3,7
1744,40,3,30,10,7,11,3,3,0,3,9
1745,102,9,63,2,9,24,1,4,1,4,6
1746,347,44,534,17,0,26,1,3,5,12,2
1747,376,53,462,168,53,53,1,2,7,7,0
1748,21,0,3,0,0,0,1,1,0,3,6
1749,194,2,56,0,0,0,5,4,1,6,8
1750,64,4,68,7,5,17,4,3,1,4,8
1751,206,0,46,3,2,12,2,5,1,5,8
1752,71,0,18,0,0,13,1,3,1,2,7
1753,71,22,112,138,89,29,1,2,3,13,1
1754,0,4,7,11,10,15,2,2,0,3,6
1755,93,1,21,0,4,25,3,2,1,4,5
1756,920,138,168,36,46,30,1,9,4,10,6
1757,653,17,170,34,26,17,2,11,2,10,7
1758,199,33,60,8,3,15,5,5,2,5,8
1759,153,4,56,0,9,31,4,5,1,4,8
1760,376,0,38,11,8,69,5,6,3,6,6
1761,46,0,30,12,1,30,1,2,0,4,6
1762,600,21,128,223,150,128,13,2,2,12,8
1763,425,115,292,23,35,79,1,6,6,11,3
1764,18,6,15,12,8,17,3,2,1,3,5
1765,52,0,9,0,0,1,2,1,0,4,4
1766,734,22,350,151,25,100,1,3,9,13,1
1767,34,6,21,11,4,8,1,2,1,3,6
1768,135,1,41,10,1,67,5,3,3,3,6
1769,11,0,10,0,2,20,1,1,1,2,6
1770,163,48,90,0,45,52,1,3,2,8,3
1771,29,3,30,3,2,9,2,3,0,3,6
1772,734,26,70,11,44,17,2,6,3,4,4
1773,340,21,134,258,14,56,1,7,5,8,4
1774,453,38,279,188,38,183,2,7,7,10,3
1775,1073,0,629,145,37,37,1,10,5,13,6
1776,135,0,10,0,4,36,2,3,1,4,5
1777,231,7,137,4,15,39,9,5,1,8,7
1778,18,0,5,0,0,11,2,1,1,2,7
1779,620,16,165,0,24,82,5,5,5,12,5
1780,81,4,33,5,2,291,0,23,1,1,0
1781,12,4,2,10,6,10,4,2,0,4,5
1782,292,51,981,224,23,17,1,4,6,6,1
1783,965,34,586,89,86,37,1,3,5,8,3
1784,27,2,10,0,0,1,2,1,0,3,8
1785,777,30,163,0,51,122,6,4,4,7,9
1786,572,8,232,23,62,17,1,4,3,6,1
1787,438,169,565,91,169,70,1,2,3,6,7
1788,531,69,300,150,138,150,3,5,4,8,2
1789,17,0,9,0,0,1,1,1,0,3,9
1790,402,35,106,101,77,42,2,9,2,9,5
1791,503,27,419,90,139,153,1,5,7,9,7
1792,369,9,87,12,14,34,3,6,2,8,5
1793,5,0,3,0,0,1,1,1,0,2,7
1794,362,17,398,80,35,61,3,5,3,5,4
1795,56,0,9,0,0,3,2,2,0,3,7
1796,79,1,31,4,4,12,3,2,1,4,6
1797,387,84,141,73,35,162,3,4,4,12,2
1798,367,17,241,104,188,232,2,9,5,9,7
1799,15,0,11,0,2,9,1,1,1,2,8
1800,267,6,54,8,3,50,2,5,2,6,5
1801,298,27,697,216,24,166,1,4,6,5,2
1802,674,92,736,39,0,92,1,3,11,9,1
1803,16,14,36,37,22,48,3,4,1,2,9
1804,37,4,24,16,9,9,2,4,0,3,9
1805,159,0,22,2,1,31,3,4,1,4,7
1806,686,17,142,23,26,35,8,6,4,13,6
1807,97,3,66,12,7,34,3,4,1,4,7
1808,63,6,57,13,13,22,4,2,1,5,4
1809,56,5,24,4,0,3,3,2,1,3,5
1810,209,19,456,160,142,66,1,2,9,13,1
1811,198,2,43,0,12,20,3,4,1,6,6
1812,313,15,47,20,0,192,2,7,4,3,6
1813,941,14,397,76,58,176,11,8,5,9,6
1814,86,4,56,2,4,7,3,4,0,4,9
1815,167,48,602,63,72,72,1,3,10,4,2
1816,8,3,19,0,2,3,2,2,0,3,6
1817,389,66,408,37,57,85,1,4,4,6,2
1818,239,7,119,4,15,11,5,6,2,6,7
1819,179,21,273,0,21,63,1,6,10,6,5
1820,5,0,1,1,1,1,15,0,0,0,19
1821,2,6,28,13,4,16,1,2,0,3,7
1822,383,0,53,6,4,40,3,8,1,6,6
1823,2,8,8,6,1,9,2,1,0,3,8
1824,536,27,590,38,107,67,1,5,10,12,6
1825,2,1,4,3,1,2,1,1,0,2,8
1826,322,53,899,34,40,53,1,4,6,10,2
1827,539,169,816,20,0,30,1,4,5,4,3
1828,712,50,420,65,38,38,1,8,4,7,4
1829,1121,0,72,0,12,12,4,10,8,10,6
1830,68,1,13,3,5,13,1,2,0,4,6
1831,36,4,18,6,2,18,1,2,0,4,7
1832,707,44,603,95,58,29,1,2,8,12,1
1833,174,77,203,6,24,97,2,8,1,7,7
1834,666,35,124,69,8,26,1,5,3,5,3
1835,0,0,0,6,2,6,1,1,0,2,6
1836,162,50,100,55,30,27,1,4,2,8,4
1837,407,70,239,103,88,53,1,5,4,4,2
1838,823,25,459,124,29,95,1,6,6,7,4
1839,488,23,71,15,0,59,11,8,3,7,7
1840,28,0,13,4,2,8,3,2,1,3,5
1841,3,2,10,3,0,2,1,1,0,3,6
1842,284,0,52,8,3,20,4,9,0,4,10
1843,938,142,754,159,81,183,1,5,10,6,2
1844,13,2,15,2,2,8,2,2,0,3,6
1845,412,172,153,150,105,57,2,7,6,11,4
1846,31,1,8,0,0,8,2,2,0,3,6
1847,502,19,132,0,6,26,6,6,2,11,6
1848,18,10,3,3,5,0,1,1,0,3,2
1849,1,8,6,4,8,16,1,1,0,3,7
1850,100,71,243,108,94,219,3,9,1,8,9
1851,407,114,445,181,165,203,1,3,7,9,1
1852,664,9,240,50,19,57,2,7,7,10,4
1853,1045,61,338,60,46,46,3,5,5,13,8
1854,1218,107,304,23,143,33,1,5,8,4,6
1855,15,0,6,0,1,12,2,1,1,2,7
1856,128,0,16,0,1,4,2,4,0,4,7
1857,581,49,157,43,8,108,1,5,6,11,2
1858,6,3,12,6,1,0,1,1,1,3,3
1859,185,8,133,56,56,12,2,7,1,7,7
1860,22,1,9,0,0,14,1,1,1,2,4
1861,584,100,835,65,83,35,1,5,5,5,2
1862,355,30,177,90,138,30,4,9,5,7,5
1863,175,10,110,54,6,27,2,6,3,4,6
1864,864,134,768,150,38,172,1,4,10,5,3
1865,957,153,612,99,95,153,1,4,7,8,1
1866,25,6,16,20,0,5,2,2,0,3,8
1867,641,7,56,0,0,28,8,10,4,6,8
1868,273,86,208,177,14,43,1,2,3,5,1
1869,122,21,43,25,10,15,2,3,1,6,6
1870,1,4,10,29,0,36,1,1,1,2,6
1871,1020,31,430,62,63,79,1,4,6,4,1
1872,6,2,3,1,262,3,0,27,0,0,1
1873,378,14,68,19,14,14,2,3,5,8,3
1874,42,1,18,3,0,4,2,2,0,3,7
1875,15,5,14,0,4,11,1,1,0,3,7
1876,272,7,80,20,7,11,1,4,4,6,2
1877,9,1,24,2,1,2,3,3,0,3,6
1878,279,0,18,0,0,9,2,3,1,8,4
1879,398,61,265,138,61,53,1,3,4,6,1
1880,637,47,237,12,19,76,4,6,11,7,5
1881,45,0,16,2,1,6,1,3,0,3,7
1882,21,1,9,7,3,5,1,1,0,3,6
1883,15,4,13,0,0,19,1,1,1,2,7
1884,493,183,352,184,23,28,0,3,5,13,0
1885,957,40,175,158,53,107,2,7,8,5,5
1886,829,138,430,60,92,15,1,4,6,13,2
1887,1017,50,500,65,50,133,3,5,5,5,8
1888,953,0,71,0,0,174,6,10,5,10,8
1889,159,0,120,0,0,137,7,4,4,8,8
1890,32,0,8,23,4,18,1,1,0,4,6
1891,23,0,15,0,2,7,2,3,0,3,6
1892,18,42,24,15,20,18,1,2,1,4,7
1893,15,0,4,0,0,2,1,1,0,2,7
1894,23,4,5,10,5,23,1,1,0,4,3
1895,200,193,100,46,185,185,2,6,2,12,3
1896,1324,27,119,71,108,27,0,7,9,6,4
1897,1193,33,281,129,66,33,1,7,5,13,3
1898,505,137,401,104,22,22,3,11,5,11,5
1899,2,4,9,0,4,5,1,1,0,3,5
1900,1103,0,45,0,0,34,3,4,2,11,8
1901,353,61,753,40,46,27,1,3,3,7,2
1902,652,48,350,94,84,108,1,9,3,6,5
1903,379,6,157,25,91,91,5,9,3,7,7
1904,46,4,36,2,2,1,1,2,0,4,5
1905,162,31,127,8,17,69,2,4,2,7,3
1906,8,3,19,3,3,8,3,3,0,3,6
1907,17,3,18,3,4,18,2,3,1,2,7
1908,340,108,185,130,38,100,2,6,6,9,3
1909,8,4,15,3,5,3,2,1,0,3,7
1910,154,22,202,39,30,8,5,4,2,9,4
1911,710,15,30,20,0,0,3,11,2,8,8
1912,8,2,4,0,0,1,1,0,0,3,5
1913,2,2,4,13,13,4,1,1,0,4,4
1914,1050,14,322,0,14,112,1,5,11,5,2
1915,19,1,14,3,2,4,1,1,0,3,8
1916,22,0,6,6,2,6,1,1,0,3,7
1917,274,83,216,151,141,224,1,4,6,12,1
1918,68,6,38,3,6,41,2,2,2,3,7
1919,344,45,654,104,11,114,2,3,4,10,3
1920,145,193,459,205,26,145,2,3,8,7,2
1921,217,38,350,111,85,15,1,4,7,10,1
1922,18,7,34,10,2,3,3,3,0,3,8
1923,69,8,26,12,7,12,2,3,0,4,7
1924,144,0,7,0,0,6,1,3,1,4,5
1925,256,34,103,90,29,49,2,3,3,10,3
1926,483,72,567,94,12,108,1,4,4,10,1
1927,1285,105,653,28,21,0,1,10,4,8,8
1928,338,4,89,11,8,13,1,4,2,9,4
1929,605,10,345,84,54,32,1,1,8,7,0
1930,8,0,7,3,1,1,1,1,0,3,6
1931,172,41,86,45,6,27,5,5,3,5,7
1932,448,71,951,40,17,17,1,6,11,10,2
1933,67,4,32,17,2,16,3,2,1,4,4
1934,512,53,98,81,179,89,3,8,5,10,5
1935,1462,16,128,0,0,160,1,5,3,6,6
1936,20,0,14,7,3,1,3,2,0,4,3
1937,50,4,44,10,10,43,3,3,1,3,9
1938,102,1,15,2,0,24,1,3,0,4,7
1939,499,149,815,173,49,49,1,6,7,12,3
1940,381,35,172,56,86,93,2,8,2,10,5
1941,631,43,239,128,76,21,2,6,8,12,3
1942,526,80,553,123,94,53,1,3,10,7,2
1943,913,26,376,17,26,13,1,3,6,11,1
1944,673,0,199,37,47,26,2,6,3,5,4
1945,23,0,9,0,0,12,1,1,0,3,4
1946,199,33,60,8,3,15,5,5,2,5,8
1947,261,23,73,4,23,50,2,6,3,5,7
1948,111,16,37,7,9,18,3,3,1,5,3
1949,16,4,12,2,4,321,0,25,0,0,1
1950,63,151,137,153,19,53,2,4,4,8,5
1951,58,0,18,2,0,10,4,3,0,4,7
1952,29,1,17,0,3,13,1,2,1,2,8
1953,3,2,12,0,1,9,1,1,0,2,8
1954,28,34,62,11,14,44,3,4,0,4,9
1955,40,3,30,10,7,11,3,3,0,3,9
1956,879,143,797,106,143,143,0,5,7,9,1
1957,62,1,44,6,5,22,1,2,1,4,4
1958,280,7,81,20,0,27,8,6,3,5,7
1959,9,0,6,3,1,3,1,0,0,3,5
1960,182,4,33,0,2,42,6,4,1,5,7
1961,83,2,101,64,26,117,1,3,5,3,4
1962,38,15,54,3,8,29,3,3,0,4,8
1963,228,19,130,4,11,51,2,3,3,8,2
1964,1092,37,592,145,37,55,1,5,5,8,3
1965,85,15,27,13,13,21,2,3,1,4,7
1966,1276,24,746,94,29,48,0,9,7,11,3
1967,1017,33,417,108,100,16,1,5,5,5,5
1968,6,2,9,2,1,5,2,1,0,3,8
1969,448,21,125,52,101,62,0,7,6,8,2
1970,504,23,117,179,28,44,1,6,5,4,4
1971,226,22,133,41,31,31,3,4,3,8,4
1972,239,3,141,0,7,23,4,7,1,6,8
1973,90,38,67,33,36,67,1,4,1,6,3
1974,7,2,8,3,2,3,1,1,0,3,6
1975,4,2,5,2,0,0,1,1,0,2,6
1976,16,17,19,20,21,22,3,3,2,2,8
1977,10,3,3,0,0,0,1,0,0,3,3
1978,68,0,16,0,0,8,3,2,0,4,7
1979,35,0,13,2,0,2,2,2,0,3,8
1980,575,80,428,208,93,80,3,8,4,8,5
1981,315,0,31,4,0,91,4,5,5,3,8
1982,182,2,49,17,13,20,1,3,1,7,2
1983,561,14,113,10,14,35,3,8,2,10,5
1984,587,51,932,180,34,86,1,5,6,5,3
1985,94,1,33,13,12,12,3,4,0,4,8
1986,908,43,735,40,194,21,1,7,7,9,2
1987,228,122,122,208,129,30,6,11,2,8,9
1988,995,112,417,42,48,41,1,2,9,13,5
1989,11,1,2,2,1,6,1,0,0,3,6
1990,3,3,14,15,21,10,1,2,1,2,9
1991,12,1,16,4,1,3,3,2,0,3,8
1992,17,0,2,0,0,2,2,1,0,3,6
1993,8,0,5,0,3,6,1,0,0,3,8
1994,22,4,17,12,10,13,3,2,0,4,6
1995,14,10,29,4,7,15,1,2,0,3,6
1996,106,27,68,52,7,5,6,4,2,5,6
1997,820,57,242,45,0,11,2,8,3,6,4
1998,753,43,226,69,10,204,2,8,5,13,4
1999,13,3,17,7,3,3,2,2,0,4,5
2000,9,1,3,0,4,8,1,0,0,3,6
2001,19,3,6,4,2,12,1,1,0,3,4
2002,520,8,223,32,49,42,4,10,5,7,8
2003,5,17,17,13,14,34,4,2,1,3,9
2004,618,44,215,0,17,36,2,11,8,4,6
2005,315,35,322,46,7,143,3,7,2,11,5
2006,15,1,23,0,5,1,3,3,0,3,8
2007,384,60,364,119,101,232,4,11,6,8,7
2008,110,29,92,28,10,145,1,6,2,3,8
2009,208,17,76,36,17,38,2,3,3,7,2
2010,555,82,257,93,61,61,4,10,3,12,6
2011,240,90,216,63,6,24,4,4,4,10,3
2012,11,0,36,15,5,12,1,2,0,3,7
2013,848,154,323,201,61,78,1,10,3,10,6
2014,202,47,197,55,42,149,1,5,4,8,4
2015,433,89,650,16,102,102,10,4,6,9,7
2016,6,6,15,10,5,2,2,2,0,3,6
2017,37,0,7,3,0,3,1,2,0,3,5
2018,167,37,64,49,34,116,8,4,3,6,7
2019,45,7,99,4,25,43,3,4,1,4,6
2020,129,0,21,0,1,7,1,3,1,4,4
2021,713,0,264,120,80,34,1,7,8,12,4
2022,676,161,426,210,44,58,2,2,5,5,6
2023,450,26,535,73,98,26,1,5,6,10,1
2024,22,2,12,0,2,5,1,1,0,3,4
2025,367,4,51,6,4,95,6,7,2,6,7
2026,526,35,214,69,53,35,2,6,3,4,2
2027,51,0,16,0,0,4,2,3,0,3,8
2028,25,0,11,3,0,15,1,1,0,3,4
2029,28,6,27,12,17,39,1,3,0,3,8
2030,958,159,447,20,0,31,3,2,10,12,7
2031,532,88,168,69,44,133,3,7,3,13,5
2032,724,17,143,0,8,196,2,9,2,12,7
2033,39,0,56,20,8,14,3,3,1,3,7
2034,587,54,348,71,54,130,1,4,4,8,2
2035,29,1,11,0,0,0,2,2,0,3,4
2036,757,80,217,29,80,11,5,9,6,12,6
2037,544,35,133,23,151,107,2,4,5,4,2
2038,40,15,15,17,6,7,1,2,1,3,4
2039,1245,33,332,21,33,16,2,4,7,4,7
2040,19,1,20,16,14,28,2,3,0,4,5
2041,16,3,15,2,1,11,1,1,0,3,7
2042,376,4,94,12,9,24,3,6,2,8,5
2043,184,178,178,103,39,33,1,6,3,10,3
2044,15,0,11,0,2,9,1,1,1,2,8
2045,124,83,267,85,59,35,2,5,2,11,5
2046,627,120,414,121,80,93,1,9,6,5,5
2047,180,60,241,13,54,54,2,5,5,7,4
2048,14,0,4,0,0,8,1,1,1,2,6
2049,3,3,24,34,7,31,1,2,1,3,5
2050,8,26,46,38,9,49,2,3,0,4,8
2051,293,6,23,13,6,92,4,6,2,5,8
2052,758,12,385,33,89,89,1,9,7,13,4
2053,656,38,161,62,47,37,3,8,9,7,7
2054,196,25,607,67,17,49,1,4,6,7,2
2055,835,73,380,114,73,43,1,6,9,7,2
2056,16,11,15,2,0,12,2,1,1,4,3
2057,9,1,5,2,1,4,1,0,0,3,4
2058,229,7,140,10,3,11,7,5,1,8,7
2059,0,1,4,15,1,5,1,1,0,2,7
2060,121,24,124,24,15,42,1,4,1,7,2
2061,471,102,125,212,61,245,1,4,10,7,1
2062,520,8,223,32,49,42,4,10,5,7,8
2063,26,1,10,2,0,1,1,1,0,3,5
2064,240,132,445,250,192,108,1,3,7,8,1
2065,178,4,26,8,4,44,5,4,1,5,6
2066,1486,55,278,49,0,185,2,4,4,10,6
2067,1115,12,128,33,12,76,1,2,3,4,6
2068,29,0,8,2,0,6,1,1,0,3,4
2069,529,0,356,63,28,0,3,6,7,11,3
2070,13,3,8,7,4,16,2,1,0,3,9
2071,934,24,230,16,24,36,2,8,4,6,3
2072,2,7,11,16,12,27,1,2,0,4,6
2073,4,12,5,3,16,17,2,2,0,3,7
2074,62,1,44,6,5,22,1,2,1,4,4
2075,158,35,179,0,0,125,2,7,2,8,5
2076,173,2,39,3,2,47,3,5,1,4,7
2077,830,59,968,51,79,19,1,5,3,12,2
2078,189,10,253,56,43,64,6,8,2,7,7
2079,728,17,133,11,8,124,1,7,3,13,6
2080,7,2,9,2,0,2,2,1,0,3,4
2081,35,4,17,7,6,64,1,2,2,2,5
2082,188,3,180,20,3,43,5,7,1,6,7
2083,742,28,152,25,9,57,2,6,8,10,4
2084,0,7,5,26,2,17,2,2,0,3,7
2085,750,71,174,13,10,20,2,6,8,11,2
2086,816,42,450,55,56,154,1,3,10,8,2
2087,5,2,8,2,2,9,1,0,1,2,7
2088,37,5,56,12,8,5,2,3,0,4,7
2089,4,0,4,0,0,5,1,1,0,2,7
2090,99,2,11,4,0,16,3,3,0,4,8
2091,176,72,98,136,21,229,4,5,2,12,5
2092,54,0,10,0,0,2,2,1,0,4,5
2093,997,15,414,99,30,76,1,5,6,12,2
2094,356,0,107,19,9,117,2,7,1,8,5
2095,1311,0,359,46,89,17,1,4,3,10,2
2096,890,63,292,0,25,12,4,8,4,7,6
2097,4,0,2,0,0,2,1,1,0,2,7
2098,17,0,14,7,3,2,1,1,0,3,7
2099,960,0,883,50,38,0,1,5,6,8,3
2100,1,3,2,20,30,47,3,2,1,2,8
2101,240,67,500,199,0,163,3,3,5,6,2
2102,301,11,61,4,7,11,1,8,2,4,7
2103,154,0,50,6,11,37,5,3,4,3,6
2104,2,3,6,4,1,9,1,1,1,2,7
2105,104,12,48,4,12,5,1,2,2,5,2
2106,70,3,37,4,2,64,4,3,2,2,9
2107,2,0,9,3,6,2,1,1,0,3,8
2108,23,2,11,3,1,4,2,2,0,3,6
2109,43,4,12,8,0,27,5,2,1,4,5
2110,4,24,11,16,1,25,1,2,0,4,6
2111,654,7,92,0,15,30,7,9,4,8,6
2112,912,72,170,47,36,97,1,11,3,4,4
2113,25,0,8,0,1,4,1,2,0,2,9
2114,24,4,22,0,2,9,4,3,1,3,5
2115,141,11,114,15,14,5,4,4,1,7,5
2116,71,0,13,3,1,0,2,1,1,4,4
2117,35,1,16,0,1,1,2,2,0,3,7
2118,496,32,849,229,48,128,2,5,3,6,4
2119,9,9,11,13,10,16,4,3,1,3,8
2120,154,0,50,6,11,37,5,3,4,3,6
2121,9,1,5,4,5,7,1,1,0,3,7
2122,26,3,23,4,7,3,2,2,0,4,6
2123,77,8,44,10,10,25,5,3,1,4,6
2124,11,2,7,4,2,2,1,1,0,3,3
2125,576,7,115,19,7,7,2,7,4,9,6
2126,89,15,89,34,42,5,1,4,1,6,4
2127,1013,30,399,60,46,153,3,9,10,4,6
2128,224,12,48,4,12,12,1,6,2,4,6
2129,200,19,111,50,15,19,6,5,1,8,6
2130,570,73,614,133,102,73,1,6,5,11,3
2131,1,3,3,8,1,13,2,1,0,3,7
2132,62,1,20,4,0,7,2,2,1,3,8
2133,531,69,300,150,138,150,3,5,4,8,2
2134,162,28,818,0,28,56,0,4,3,7,3
2135,675,144,133,94,192,241,1,4,8,5,1
2136,23,4,10,0,2,15,1,1,0,3,4
2137,492,5,32,13,5,21,1,9,1,7,6
2138,918,10,129,13,0,129,1,11,3,12,7
2139,224,155,155,192,93,54,2,6,4,11,4
2140,572,19,286,50,38,248,3,6,3,5,3
2141,626,0,70,0,7,28,2,9,3,8,6
2142,1074,37,518,193,92,129,1,5,6,7,2
2143,741,68,689,224,68,103,1,4,2,10,2
2144,322,3,50,4,3,42,5,7,1,6,8
2145,254,10,44,30,10,227,2,7,3,3,7
2146,116,6,82,6,6,41,2,3,1,6,5
2147,22,2,18,0,2,12,3,3,0,3,8
2148,516,0,21,0,0,5,4,8,2,7,8
2149,14,36,11,3,26,35,1,1,1,4,2
2150,2,8,10,12,14,23,3,2,1,3,5
2151,28,0,9,3,0,0,1,1,0,3,4
2152,530,142,217,62,9,56,4,7,4,13,5
2153,519,50,167,130,0,41,1,8,3,11,3
2154,611,76,749,59,45,26,1,7,10,6,2
2155,240,67,500,199,0,163,3,3,5,6,2
2156,4,9,12,11,2,8,2,1,1,3,3
2157,671,47,655,145,111,15,1,7,5,12,2
2158,23,1,7,0,4,24,1,1,1,2,7
2159,9,1,2,3,2,0,1,0,0,3,6
2160,556,54,845,202,133,63,1,7,7,10,3
2161,833,80,363,52,26,174,2,9,5,6,6
2162,12,0,13,4,2,4,4,3,0,3,8
2163,56,7,48,10,2,18,1,3,0,4,7
2164,293,8,124,11,4,106,2,6,6,3,6
2165,297,0,38,13,0,152,7,5,4,4,6
2166,39,1,16,2,0,3,4,3,0,3,8
2167,5,11,16,21,8,45,2,2,2,2,8
2168,266,21,300,65,8,44,4,8,8,6,6
2169,322,3,50,4,3,42,5,7,1,6,8
2170,366,124,156,71,78,54,2,5,5,11,2
2171,32,0,8,23,4,18,1,1,0,4,6
2172,158,0,23,0,0,18,6,3,1,5,8
2173,269,129,495,182,43,29,4,9,3,4,7
2174,41,0,10,0,0,3,4,2,1,3,7
2175,3,3,3,15,4,15,1,1,0,3,6
2176,33,0,5,0,0,15,2,1,1,2,4
2177,302,29,131,32,0,27,6,8,1,7,8
2178,519,71,860,93,27,53,1,6,2,9,2
2179,23,2,17,2,1,0,2,2,0,3,7
2180,594,51,631,72,55,32,1,4,6,8,2
2181,12,4,7,1,3,5,0,1,0,0,13
2182,4,2,5,0,0,5,1,1,0,2,6
2183,18,3,19,3,3,6,2,2,0,3,8
2184,332,194,377,149,125,57,0,4,6,7,1
2185,5,1,8,0,0,1,1,1,0,2,8
2186,171,3,129,26,24,62,4,6,1,6,7
2187,270,31,88,11,48,22,3,3,2,10,4
2188,712,26,538,69,13,80,1,3,6,11,1
2189,2,8,11,3,8,21,4,3,2,2,7
2190,21,12,12,0,3,3,3,2,0,4,4
2191,580,6,58,8,0,27,3,7,6,6,4
2192,368,24,68,38,0,88,6,8,2,6,7
2193,457,5,106,15,17,53,8,11,1,6,8
2194,229,7,137,4,0,91,5,4,2,8,5
2195,3,2,8,20,0,17,2,2,1,2,7
2196,24,3,26,7,1,23,3,3,1,2,9
2197,853,10,143,13,10,20,2,9,4,12,8
2198,5,1,6,3,4,3,1,0,0,3,4
2199,3,3,7,6,2,9,1,1,0,2,7
2200,709,43,182,42,118,247,2,9,3,4,5
2201,406,0,30,0,0,8,7,8,2,5,7
2202,908,48,217,32,12,24,1,2,3,13,6
2203,428,30,214,80,30,61,2,6,5,10,3
2204,84,3,61,2,1,21,3,3,1,4,7
